Id,House name,House place,House price,House introduction
1,泽翠居,萧山,17730,3室/建筑面积：89-98㎡
2,樟源府,萧山,13700,3室/4室/建筑面积：89-121㎡
3,祥生湛景江山云樾府,钱塘,26200,3室/4室/建筑面积：88-128㎡
4,春江御园,富阳,600,别墅/建筑面积：170-300㎡
5,保利·和颂春风里,拱墅,29500,3室/4室/建筑面积：107-139㎡
6,绿城吉祥里,拱墅,35000,商业/建筑面积：310㎡
7,柏源晶舍,临安,22800,1室/3室/4室/建筑面积：42-110㎡
8,绿地柏澜晶舍,临安,298,3室/4室/别墅/建筑面积：89-202㎡
9,保利和著风华里,拱墅,33200,3室/4室/建筑面积：102-139㎡
10,华昭府,余杭,20500,3室/4室/建筑面积：111-256㎡
11,启航城,余杭,20000,3室/4室/建筑面积：97-131㎡
12,华景川科大湖沁宸园,临平,19800,3室/4室/建筑面积：97.65-118㎡
13,万科江斓映象府,滨江,49300,4室/5室/建筑面积：147-199㎡
14,荷禹宸府,临平,22600,3室/4室/建筑面积：96-127㎡
15,文宸望府,萧山,21400,3室/4室/建筑面积：98-118㎡
16,春境前潮府,萧山,18000,3室/4室/建筑面积：89-137㎡
17,华景川樾臻府,萧山,13000,3室/4室/建筑面积：89-116㎡
18,绿城桂语新月,富阳,22000,3室/4室/建筑面积：98-138㎡
19,能建城发瞰奥府,萧山,34000,3室/4室/建筑面积：100-138㎡
20,拥奥府,萧山,42900,3室/4室/建筑面积：98-126㎡
21,滨江澄虹府,萧山,46200,4室/5室/建筑面积：132-236㎡
22,滨运锦上湾,拱墅,32333,NaN
23,滨江春天阳光名城,钱塘,18700,3室/4室/5室/建筑面积：89-156㎡
24,湖翠里,钱塘,38300,4室/建筑面积：130-166㎡
25,翠语彩虹里,西湖,28600,3室/4室/建筑面积：109-139㎡
26,绿城晓月和风,滨江,40000,3室/4室/建筑面积：110-165㎡
27,杭州春江潮鸣,萧山,19856,4室/7室/建筑面积：300-870㎡
28,蝶翠迎宾府,临平,26600,3室/4室/建筑面积：96-139㎡
29,大家中天云翠金澜府,上城,44400,3室/4室/建筑面积：110-168㎡
30,春咏风荷里,钱塘,27500,3室/4室/建筑面积：99-121㎡
31,滨江旭辉滨旭府,萧山,25600,3室/4室/建筑面积：89-110㎡
32,绿城·春境东来院,临平,33600,4室/5室/建筑面积：122-170㎡
33,龙井院子,西湖,600,别墅/建筑面积：138-160㎡
34,万科星图光年轩,余杭,29100,3室/4室/建筑面积：105-139㎡
35,融创·杭曜之城,钱塘,30000,3室/4室/建筑面积：105-142㎡
36,禹洲泊朗廷,萧山,26800,2室/3室/4室/建筑面积：81-148㎡
37,华发联发悦望荟,拱墅,33200,3室/4室/建筑面积：103-139㎡
38,融创森与海之城,萧山,14000,2室/3室/4室/5室/别墅/建筑面积：88-166㎡
39,滨江中豪枫秀云庭,余杭,36100,4室/5室/建筑面积：120-190㎡
40,金帝·咏颂轩,萧山,34198,3室/4室/建筑面积：107-125㎡
41,德信金科泊岸江宸轩,萧山,21400,3室/建筑面积：89.22-107.39㎡
42,叠潮雅庭,萧山,30860,4室/5室/建筑面积：118-162㎡
43,联发臻和雅颂府,拱墅,48100,4室/建筑面积：135-150㎡
44,中天海威云咏汀洲,临平,26600,3室/4室/建筑面积：98-130㎡
45,萧澜隐翠轩,萧山,30000,3室/4室/建筑面积：99-127㎡
46,星创云珹府,余杭,20500,3室/4室/建筑面积：106-152㎡
47,滨江大家招商·锦翠金宸府,拱墅,34000,3室/4室/建筑面积：99-138㎡
48,祥新·如澜邸,西湖,28100,3室/4室/建筑面积：89-175㎡
49,绿城·樾鸣春晓园,余杭,23100,3室/4室/建筑面积：105-125㎡
50,中融蓝城Co.C理想城,西湖,28000,商业/建筑面积：29-51㎡
51,地铁越秀·星缦云渚,余杭,29090,3室/4室/建筑面积：97-141㎡
52,东海闲湖城·栖霞湾,余杭,19198,3室/4室/建筑面积：98-138㎡
53,西投绿城春树云筑公寓,西湖,29800,商业/建筑面积：33-76㎡
54,滨江越秀天澜美境,上城,51000,4室/5室/建筑面积：178-248㎡
55,宁望府,萧山,33500,3室/4室/建筑面积：108-142㎡
56,运晓花映里,拱墅,30000,3室/建筑面积：96-130㎡
57,中天翡玥府,钱塘,18000,3室/建筑面积：86-101㎡
58,三迪雅颂美筑,钱塘,14600,3室/4室/建筑面积：88-112㎡
59,兴耀湖境观岚湾,钱塘,21300,3室/4室/建筑面积：89-139㎡
60,西房·宸鹭晴语轩,拱墅,47000,4室/建筑面积：139-176㎡
61,馥源庭,拱墅,55363,3室/4室/6室/建筑面积：110-230㎡
62,万象上东,上城,38000,2室/3室/4室/建筑面积：84-150㎡
63,ONE53,上城,90000,商业/建筑面积：244-438㎡
64,杭州国际金融中心,上城,57215,4室/建筑面积：158-320㎡
65,晨语汀澜里,临平,23600,3室/4室/建筑面积：99-139㎡
66,亚奥城,萧山,35000,商业/建筑面积：42-145㎡
67,融创融耀之城,临平,24000,3室/4室/建筑面积：89-125㎡
68,湖翠晓印轩,萧山,502,建筑面积：151637㎡
69,杭曜置地中心,拱墅,46200,3室/4室/建筑面积：118-179㎡
70,东湖云杉郡,临平,19000,商业/建筑面积：40-75㎡
71,杭州新天地,拱墅,26000,商业/建筑面积：40-136㎡
72,保亿湖珀润园,萧山,26845,4室/建筑面积：162-171㎡
73,之彩城,萧山,17000,2室/3室/4室/建筑面积：97-129㎡
74,杭房众安·未珂宸铭府,余杭,24110,3室/4室/建筑面积：108-138㎡
75,广宇·锦上云澜,钱塘,27500,3室/4室/建筑面积：99-160㎡
76,咏翠芳华轩,临平,22600,3室/4室/建筑面积：98-139㎡
77,澳海云樾赋,富阳,11300,2室/3室/建筑面积：81.69-113㎡
78,绿城卓越傲旋城公寓,滨江,33000,商业/建筑面积：57-312㎡
79,星创雅望居,萧山,25600,3室/4室/建筑面积：104-139㎡
80,百郦玲珑府,上城,44200,3室/4室/别墅/建筑面积：95-180㎡
81,和悦清晖园,余杭,612,别墅/建筑面积：190-240㎡
82,中骏鼎湖未来云城,临平,28500,3室/4室/建筑面积：108-190㎡
83,中建潮阅尚境,临平,26600,3室/4室/建筑面积：98-139㎡
84,绿城卓越傲旋城,滨江,47000,1室/2室/3室/建筑面积：90-90㎡
85,越秀滨江中豪翠宸里,余杭,31200,建筑面积：208700㎡
86,东傲城大平层,钱塘,13000,商业/建筑面积：300㎡
87,苏荷汇,拱墅,33000,商业/建筑面积：46-140㎡
88,荣盛江荣府,滨江,38000,4室/建筑面积：119-129㎡
89,绿荷叠翠轩,临平,22600,3室/4室/建筑面积：98-139㎡
90,御湖城,萧山,21000,商业/建筑面积：84-210㎡
91,如沐清晖城,临安,22500,2室/3室/别墅/建筑面积：97-195㎡
92,月映星语园,临平,24000,3室/4室/建筑面积：100-139㎡
93,洺川名著园,西湖,28200,4室/建筑面积：155-215㎡
94,山澜桂语轩,萧山,32000,3室/4室/建筑面积：89-119.17㎡
95,江河鸣翠公寓,上城,80000,建筑面积：132400㎡
96,运晓花望府,拱墅,29500,3室/4室/建筑面积：100-127㎡
97,濋玥府,萧山,30000,3室/4室/建筑面积：95-123㎡
98,大家中天·春樾星宸,拱墅,33200,3室/4室/建筑面积：110-137㎡
99,绿城·三江明月,萧山,22000,商业/建筑面积：36-43㎡
100,中海河映云集,拱墅,38000,3室/4室/建筑面积：107-147㎡
101,御滨府御映,滨江,40600,建筑面积：91459㎡
102,海潮望月城·潮印,上城,66000,建筑面积：296000㎡
103,瑞源邸,富阳,20500,3室/4室/建筑面积：93-121㎡
104,秦望府,富阳,29800,3室/4室/建筑面积：102-350㎡
105,沥瑞府,萧山,14500,3室/4室/建筑面积：100-134㎡
106,青溪美庐,临安,12500,1室/2室/建筑面积：41-75㎡
107,世茂栖棠誉湾,滨江,45836,4室/建筑面积：139㎡
108,庆樾上府,拱墅,55000,4室/5室/建筑面积：140-208㎡
109,金帝·湖望庐,萧山,35690,4室/建筑面积：126-139㎡
110,西房·宸鹭香舍,拱墅,47000,4室/5室/建筑面积：139-275㎡
111,金成滨玺云著邸,滨江,38000,3室/4室/建筑面积：104-131㎡
112,中天坤和大家·湖境天宸,上城,32900,3室/4室/建筑面积：110-139㎡
113,云彩之城,萧山,25600,4室/建筑面积：139㎡
114,蓝城恒伟江南山庄,临安,15000,3室/4室/别墅/建筑面积：89-287㎡
115,庞鑫沁耀府,萧山,17800,3室/4室/建筑面积：95-138㎡
116,望斓翠印府,上城,44400,建筑面积：78778㎡
117,翠著邱山里,临平,29780,4室/建筑面积：139-189㎡
118,听悦雅庭,萧山,30000,3室/4室/建筑面积：89-110㎡
119,赞成和风,临平,23600,3室/4室/建筑面积：105-137㎡
120,万科白鹭郡西,余杭,1484,别墅/建筑面积：265-1242㎡
121,泽翠居,萧山,17730,3室/建筑面积：89-98㎡
122,樟源府,萧山,13700,3室/4室/建筑面积：89-121㎡
123,祥生湛景江山云樾府,钱塘,26200,3室/4室/建筑面积：88-128㎡
124,春江御园,富阳,600,别墅/建筑面积：170-300㎡
125,保利·和颂春风里,拱墅,29500,3室/4室/建筑面积：107-139㎡
126,绿城吉祥里,拱墅,35000,商业/建筑面积：310㎡
127,柏源晶舍,临安,22800,1室/3室/4室/建筑面积：42-110㎡
128,绿地柏澜晶舍,临安,298,3室/4室/别墅/建筑面积：89-202㎡
129,保利和著风华里,拱墅,33200,3室/4室/建筑面积：102-139㎡
130,华昭府,余杭,20500,3室/4室/建筑面积：111-256㎡
131,启航城,余杭,20000,3室/4室/建筑面积：97-131㎡
132,华景川科大湖沁宸园,临平,19800,3室/4室/建筑面积：97.65-118㎡
133,万科江斓映象府,滨江,49300,4室/5室/建筑面积：147-199㎡
134,荷禹宸府,临平,22600,3室/4室/建筑面积：96-127㎡
135,文宸望府,萧山,21400,3室/4室/建筑面积：98-118㎡
136,春境前潮府,萧山,18000,3室/4室/建筑面积：89-137㎡
137,华景川樾臻府,萧山,13000,3室/4室/建筑面积：89-116㎡
138,绿城桂语新月,富阳,22000,3室/4室/建筑面积：98-138㎡
139,能建城发瞰奥府,萧山,34000,3室/4室/建筑面积：100-138㎡
140,拥奥府,萧山,42900,3室/4室/建筑面积：98-126㎡
141,滨江澄虹府,萧山,46200,4室/5室/建筑面积：132-236㎡
142,滨运锦上湾,拱墅,32333,NaN
143,滨江春天阳光名城,钱塘,18700,3室/4室/5室/建筑面积：89-156㎡
144,湖翠里,钱塘,38300,4室/建筑面积：130-166㎡
145,翠语彩虹里,西湖,28600,3室/4室/建筑面积：109-139㎡
146,绿城晓月和风,滨江,40000,3室/4室/建筑面积：110-165㎡
147,杭州春江潮鸣,萧山,19856,4室/7室/建筑面积：300-870㎡
148,蝶翠迎宾府,临平,26600,3室/4室/建筑面积：96-139㎡
149,大家中天云翠金澜府,上城,44400,3室/4室/建筑面积：110-168㎡
150,春咏风荷里,钱塘,27500,3室/4室/建筑面积：99-121㎡
151,滨江旭辉滨旭府,萧山,25600,3室/4室/建筑面积：89-110㎡
152,绿城·春境东来院,临平,33600,4室/5室/建筑面积：122-170㎡
153,龙井院子,西湖,600,别墅/建筑面积：138-160㎡
154,万科星图光年轩,余杭,29100,3室/4室/建筑面积：105-139㎡
155,融创·杭曜之城,钱塘,30000,3室/4室/建筑面积：105-142㎡
156,禹洲泊朗廷,萧山,26800,2室/3室/4室/建筑面积：81-148㎡
157,华发联发悦望荟,拱墅,33200,3室/4室/建筑面积：103-139㎡
158,融创森与海之城,萧山,14000,2室/3室/4室/5室/别墅/建筑面积：88-166㎡
159,滨江中豪枫秀云庭,余杭,36100,4室/5室/建筑面积：120-190㎡
160,金帝·咏颂轩,萧山,34198,3室/4室/建筑面积：107-125㎡
161,德信金科泊岸江宸轩,萧山,21400,3室/建筑面积：89.22-107.39㎡
162,叠潮雅庭,萧山,30860,4室/5室/建筑面积：118-162㎡
163,联发臻和雅颂府,拱墅,48100,4室/建筑面积：135-150㎡
164,中天海威云咏汀洲,临平,26600,3室/4室/建筑面积：98-130㎡
165,萧澜隐翠轩,萧山,30000,3室/4室/建筑面积：99-127㎡
166,星创云珹府,余杭,20500,3室/4室/建筑面积：106-152㎡
167,滨江大家招商·锦翠金宸府,拱墅,34000,3室/4室/建筑面积：99-138㎡
168,祥新·如澜邸,西湖,28100,3室/4室/建筑面积：89-175㎡
169,绿城·樾鸣春晓园,余杭,23100,3室/4室/建筑面积：105-125㎡
170,中融蓝城Co.C理想城,西湖,28000,商业/建筑面积：29-51㎡
171,地铁越秀·星缦云渚,余杭,29090,3室/4室/建筑面积：97-141㎡
172,东海闲湖城·栖霞湾,余杭,19198,3室/4室/建筑面积：98-138㎡
173,西投绿城春树云筑公寓,西湖,29800,商业/建筑面积：33-76㎡
174,滨江越秀天澜美境,上城,51000,4室/5室/建筑面积：178-248㎡
175,宁望府,萧山,33500,3室/4室/建筑面积：108-142㎡
176,运晓花映里,拱墅,30000,3室/建筑面积：96-130㎡
177,中天翡玥府,钱塘,18000,3室/建筑面积：86-101㎡
178,三迪雅颂美筑,钱塘,14600,3室/4室/建筑面积：88-112㎡
179,兴耀湖境观岚湾,钱塘,21300,3室/4室/建筑面积：89-139㎡
180,西房·宸鹭晴语轩,拱墅,47000,4室/建筑面积：139-176㎡
181,滨江同协金座,上城,33000,商业/建筑面积：45-73㎡
182,澳海百合云泽赋,富阳,12000,2室/3室/4室/建筑面积：80.97-127.02㎡
183,临栖云府,临安,18543,3室/4室/别墅/建筑面积：96-140㎡
184,揽月臻翠府·臻橒,上城,30000,建筑面积：144539㎡
185,朗诗溪涧雅庐,临安,14000,2室/3室/4室/建筑面积：88-173㎡
186,滨汇府,富阳,25000,4室/建筑面积：148-165㎡
187,驭远·久鸣府,钱塘,533,4室/别墅/建筑面积：142.81-204㎡
188,圣奥晓风望月府,临平,27720,4室/建筑面积：127-139㎡
189,祥生宸光悦,富阳,21500,3室/4室/建筑面积：98-118㎡
190,国芳中心SOHO,上城,33000,商业/建筑面积：53-80㎡
191,广瑞沁园,杭州周边,7780,3室/4室/建筑面积：77-126㎡
192,宝业凤樾上筑,萧山,20000,3室/4室/建筑面积：89-128㎡
193,绿城·雲溪里,余杭,783,别墅/建筑面积：280-350㎡
194,中天珺楠府,临安,23000,3室/建筑面积：99-99㎡
195,大华峰汇华城,富阳,22000,3室/4室/建筑面积：85-117㎡
196,云水山居,富阳,530,3室/4室/5室/别墅/建筑面积：134.91-648㎡
197,滨江棠前嘉座,拱墅,41660,建筑面积：72095㎡
198,城西宝龙广场,余杭,28000,商业/建筑面积：30-59㎡
199,西投滨江云栖名筑,西湖,37000,商业/建筑面积：300-300㎡
200,亿联之江心月,西湖,30000,建筑面积：58622㎡
201,杭州国际办公中心·潮悦,萧山,46000,商业/建筑面积：60-60㎡
202,华博江南首府,桐庐县,11000,3室/4室/建筑面积：88-108㎡
203,宋都时间名座,临平,20800,商业/建筑面积：39-61㎡
204,杭珹未来中心商业,余杭,55000,建筑面积：1019000㎡
205,镜象西湖公寓,西湖,33000,商业/建筑面积：50-51㎡
206,湖印宸山,临平,850,别墅/建筑面积：158-315㎡
207,兴耀龙湖天泱雅筑,拱墅,35000,商业/建筑面积：315-325㎡
208,绿城江上臻园,富阳,25000,3室/4室/建筑面积：100-144㎡
209,中天大家宸澜学府,临安,22800,2室/3室/建筑面积：69-89㎡
210,蓝城·云和里,西湖,35000,建筑面积：46317㎡
211,东部之星,钱塘,18000,商业/建筑面积：58㎡
212,韵瑚兰庭,淳安县,6900,3室/建筑面积：89-110㎡
213,滨江千岛湖城市之星,淳安县,16000,3室/4室/建筑面积：98-118㎡
214,誉满轩,萧山,15000,商业/建筑面积：100-302㎡
215,融创运河印,拱墅,32000,商业/建筑面积：40-114㎡
216,杭房·湖著观邸,富阳,25000,3室/4室/建筑面积：109-135㎡
217,富春泉水湾,富阳,1000,别墅/建筑面积：207-249㎡
218,杭州云山院子,富阳,540,别墅/建筑面积：165-165㎡
219,中铁建晴萃府,富阳,18800,3室/4室/建筑面积：89-128㎡
220,余交蓝城·湖印晓庐,余杭,15200,3室/建筑面积：87-102㎡
221,银泰仙女湖,萧山,850,别墅/建筑面积：220-310㎡
222,中冶锦绣公馆公寓,西湖,60000,商业/建筑面积：118-273㎡
223,开元广场铂雅公馆,萧山,23000,商业/建筑面积：55-97㎡
224,建发天悦云庐,桐庐县,19000,3室/4室/别墅/建筑面积：107-243㎡
225,滨江嘉品,桐庐县,20000,3室/4室/建筑面积：96-135㎡
226,T-ONE潮博商业中心,萧山,45000,建筑面积：450000㎡
227,世纪国泰中心,萧山,38000,建筑面积：116512㎡
228,联发阳光城檀境里,富阳,22000,3室/4室/建筑面积：89-119㎡
229,兴合望江中心,上城,60000,商业/建筑面积：40-97㎡
230,新力启云府,余杭,24000,2室/3室/4室/建筑面积：81-129.84㎡
231,宸颂星街,上城,31500,NaN
232,德信中南江上云起,建德市,14000,2室/3室/4室/建筑面积：89-165㎡
233,广宇塘颂,临平,28300,建筑面积：47175㎡
234,建发缦云,拱墅,45000,商业/建筑面积：320㎡
235,千岛湖桂语江南,淳安县,13000,3室/建筑面积：95-128㎡
236,理想世纪金座,临平,25000,商业/建筑面积：49-72㎡
237,越秀招商云悦湾,上城,42000,商业/建筑面积：38-59㎡
238,时代湘湖,萧山,30000,商业/建筑面积：36-69㎡
239,东投悦荣府,临安,16200,2室/3室/4室/建筑面积：77-125㎡
240,吾角商业中心,钱塘,25500,商业/建筑面积：34-52㎡
241,越秀星悦城,临安,22000,3室/4室/建筑面积：95-125㎡
242,颐和山庄,临安,23000,2室/3室/4室/别墅/建筑面积：79-197㎡
243,华景川曜珹里,余杭,33150,4室/别墅/建筑面积：140-168㎡
244,龙湖天瑄城,上城,30000,建筑面积：605100㎡
245,信达之江壹品,西湖,990,别墅/建筑面积：180-195㎡
246,杭房城发润如园,上城,28900,4室/建筑面积：139㎡
247,Mo.C星辉时光城,萧山,21000,商业/建筑面积：27-72㎡
248,青西铭府,钱塘,20800,3室/4室/建筑面积：101-136㎡
249,杭臻源筑,钱塘,37500,3室/4室/建筑面积：105-142㎡
250,云檐里,余杭,403,别墅/建筑面积：163-168㎡
251,和家园臻园,西湖,1614,4室/5室/别墅/建筑面积：148-240㎡
252,蓝城·春风里,杭州周边,23800,2室/3室/建筑面积：70-114㎡
253,滨江兴耀·枫翠岚湾,萧山,30000,3室/4室/建筑面积：96-125㎡
254,英蓝岫町华庭,拱墅,56246,建筑面积：224199㎡
255,赞成翠悦半岛,萧山,36900,3室/4室/别墅/建筑面积：89.78-165.64㎡
256,西溪宸悦,西湖,41500,商业/建筑面积：35-168㎡
257,久宸里,上城,80000,商业/建筑面积：255-515㎡
258,招商蛇口花栖云境里,萧山,25600,3室/4室/建筑面积：100.45-115.57㎡
259,云汇城SOHO,余杭,25000,商业/建筑面积：57-60㎡
260,棠源美宸里,拱墅,34000,3室/4室/建筑面积：98-120㎡
261,锦上悦华里,萧山,18000,3室/4室/建筑面积：89-115㎡
262,钱潮鸣翠云筑,上城,67600,建筑面积：101236㎡
263,滨融府,拱墅,50000,建筑面积：51161㎡
264,碧桂园万科悦望名邸,富阳,21900,3室/4室/别墅/建筑面积：95-199.21㎡
265,滨江定福阁,上城,4000,建筑面积：28229㎡
266,山水时代,萧山,38000,商业/建筑面积：59-70㎡
267,樟宜翠湾,萧山,29800,3室/4室/建筑面积：89-130㎡
268,翠揽云境,上城,44400,3室/4室/建筑面积：106-146㎡
269,天樾四季,临平,22813,3室/4室/别墅/建筑面积：95-139㎡
270,美致印象中心,临平,18000,商业/建筑面积：29-71㎡
271,银城青山湖畔临枫园,临安,21000,3室/4室/别墅/建筑面积：89-140㎡
272,华城茶语华邸,临平,23000,3室/4室/5室/建筑面积：97-366㎡
273,旭辉珺和府,萧山,14600,3室/4室/建筑面积：89-120㎡
274,建发·云熙,余杭,30410,建筑面积：152355㎡
275,春风长住·晴翠秋时府,临平,23600,3室/4室/建筑面积：97-117㎡
276,中交保利江语云城,富阳,16300,3室/4室/建筑面积：89-120㎡
277,凯德金沙项目,钱塘,38300,建筑面积：89225㎡
278,西房良语云缦,临平,28500,3室/4室/建筑面积：96-139㎡
279,中南未来里,余杭,40000,商业/建筑面积：35-73㎡
280,华夏·溪揽星院,余杭,436,别墅/建筑面积：142-182㎡
281,望江月小区,桐庐县,8500,3室/建筑面积：100-112㎡
282,星翠芳华府,临平,26100,3室/4室/建筑面积：95-139㎡
283,航成悦府,建德市,6800,2室/3室/4室/建筑面积：73-122㎡
284,杭房首望澜翠府,富阳,19700,3室/4室/别墅/建筑面积：112-222㎡
285,龙湖铂曜星座,钱塘,16167,商业/建筑面积：42-64㎡
286,恒福禹都,临安,373,2室/3室/4室/别墅/建筑面积：75-164㎡
287,驭远久映樾府,钱塘,22700,3室/4室/5室/建筑面积：98-170㎡
288,杭房·启润学府,富阳,24500,3室/4室/建筑面积：98-129㎡
289,之江印,西湖,30000,商业/建筑面积：32-41㎡
290,滨江·清来嘉座,拱墅,38000,建筑面积：177851㎡
291,凤凰府邸,临安,9800,2室/3室/别墅/建筑面积：75-222㎡
292,万泰华章,萧山,17000,3室/4室/建筑面积：89-118㎡
293,广宇锦云里,富阳,21380,3室/4室/5室/建筑面积：95-160.96㎡
294,未来云帆城公寓,钱塘,20000,商业/建筑面积：45-90㎡
295,西投滨江五幸金座公寓,西湖,28000,商业/建筑面积：25.7-53㎡
296,银昇·隐舟府,萧山,17500,3室/别墅/建筑面积：112-163㎡
297,华发荟天府,临安,22800,2室/3室/建筑面积：70-119㎡
298,湖畔澄庐,淳安县,13000,3室/4室/别墅/建筑面积：95-183㎡
299,山水华府,富阳,22000,3室/4室/建筑面积：96-116㎡
300,德信空港城,萧山,23000,商业/建筑面积：34-43㎡
301,中天溪珺庭,临安,22800,1室/2室/建筑面积：50-95㎡
302,华鸿都会中心,萧山,55000,商业/建筑面积：430-450㎡
303,保亿丽云府,临安,19388,3室/4室/建筑面积：94-124㎡
304,桃语春福里,临安,14300,1室/2室/3室/4室/别墅/建筑面积：36-130㎡
305,同进韵动城,萧山,25000,商业/建筑面积：50-56㎡
306,春山明月?台树,临安,397,别墅/建筑面积：155-185㎡
307,绿地商业中心,上城,38000,商业/建筑面积：46-110㎡
308,大家云上金铭府,富阳,22000,3室/4室/建筑面积：88.04-125㎡
309,奥城望,桐庐县,15000,3室/4室/别墅/建筑面积：90-246㎡
310,滨湖天地,临安,21800,3室/4室/建筑面积：89-169㎡
311,招商德信云望之宸,富阳,25000,3室/4室/建筑面积：95-122㎡
312,公元帝景,萧山,614,别墅/建筑面积：285-495㎡
313,越秀·云麓悦映邸,临安,18200,3室/建筑面积：89-89㎡
314,融创云辰富源里,富阳,27000,3室/4室/建筑面积：98.41-135㎡
315,瑶琳华庭,桐庐县,10500,1室/2室/建筑面积：43-73㎡
316,云川未来城,富阳,18800,3室/4室/建筑面积：89-135㎡
317,赞成武林里,拱墅,32000,商业/建筑面积：37-37㎡
318,天荟未来之光城,余杭,25000,商业/建筑面积：25-35㎡
319,海伦堡星座,上城,28000,商业/建筑面积：48.79㎡
320,未来之芯,临安,11000,建筑面积：60-90㎡
321,绿城千岛湖柳岸晓风,淳安县,300,3室/4室/建筑面积：89-143㎡
322,翠苑荟公寓,西湖,47000,商业/建筑面积：40-77㎡
323,浅山明月府,桐庐县,10800,3室/建筑面积：105-123㎡
324,鼎和金座,临平,20000,商业/建筑面积：35-45㎡
325,华景川云萃天和城,富阳,18800,3室/4室/建筑面积：98-123㎡
326,西溪美岸,余杭,38000,商业/建筑面积：41-73㎡
327,枫柏兰庭,临安,11000,3室/4室/建筑面积：89-129㎡
328,绿城·檀影云庐,临安,300,别墅/建筑面积：128-163㎡
329,滨汇名望云筑,富阳,25273,商业/建筑面积：320-520㎡
330,宸锦学府,临安,22000,2室/建筑面积：70-70㎡
331,之江门公寓,西湖,32000,商业/建筑面积：55㎡
332,辰春澜城,富阳,21000,3室/建筑面积：89-105㎡
333,同人山庄,临安,450,别墅/建筑面积：117-211㎡
334,敏捷星著柏悦府,临安,22800,3室/4室/建筑面积：89-139㎡
335,祥生中心,上城,38000,商业/建筑面积：45-71㎡
336,建杭江与河公寓,上城,75000,NaN
337,千岛湖雨润星雨华府,淳安县,12500,2室/3室/4室/建筑面积：82-193㎡
338,美的西径晓风,临安,18000,3室/4室/别墅/建筑面积：89-197㎡
339,龙大悦江府,建德市,31000,2室/4室/别墅/建筑面积：105-178㎡
340,佳源锦晟里,临安,20000,1室/2室/3室/建筑面积：49-89㎡
341,紫创商务中心,西湖,43000,商业/建筑面积：39-57㎡
342,东亚溪雅香舍,临安,10446,2室/3室/4室/建筑面积：75-139㎡
343,千岛湖香里开元度假村,淳安县,17000,1室/建筑面积：46-80㎡
344,招商1872汇港城,上城,45000,商业/建筑面积：38-55㎡
345,越秀归悦里,临安,21600,2室/3室/别墅/建筑面积：87-175㎡
346,绿城·良渚芯云,余杭,38439,建筑面积：255000㎡
347,曲江新鸥鹏杭州第三城,临平,30000,建筑面积：243691㎡
348,桃李望湖,临安,26892,3室/4室/建筑面积：108-178㎡
349,未来新湖中心,余杭,33000,商业/建筑面积：55-61㎡
350,圆尊府,桐庐县,20800,3室/4室/别墅/建筑面积：89-139㎡
351,绿地潮悦江山城,富阳,27000,2室/3室/4室/建筑面积：81.09-144㎡
352,富春云庄,桐庐县,19000,3室/4室/别墅/建筑面积：102-222㎡
353,鼎创财富中心,余杭,32000,商业/建筑面积：45-56㎡
354,云栖奇岭府,桐庐县,230,别墅/建筑面积：147-215㎡
355,宝湖龙渡,杭州周边,20000,2室/3室/4室/5室/建筑面积：88.28-194.6㎡
356,越秀·星颂府,临安,25900,3室/建筑面积：89-99㎡
357,天溪半岛,桐庐县,850,别墅/建筑面积：551-999㎡
358,大麗和和中心,余杭,32800,建筑面积：38000㎡
359,之江潮,西湖,33000,商业/建筑面积：50-51㎡
360,新湖金色池塘,余杭,549,3室/4室/别墅/建筑面积：108-245㎡
361,千岛鲁能胜地,淳安县,170,别墅/建筑面积：85-235㎡
362,和兴云合印中心,上城,40000,建筑面积：113587㎡
363,中海钱江国际中心,滨江,27000,建筑面积：785㎡
364,EIC,萧山,36000,建筑面积：500000㎡
365,明煦源赋里,临安,19800,3室/4室/别墅/建筑面积：89-170㎡
366,嘉合未来金座,余杭,35000,商业/建筑面积：30-33㎡
367,江畔云庐,建德市,18000,3室/4室/建筑面积：89-126㎡
368,樾青里,富阳,20820,3室/4室/建筑面积：89-115㎡
369,光谷国际中心,富阳,19000,商业/建筑面积：45-55㎡
370,沁悦宸轩,富阳,18800,3室/建筑面积：89-95㎡
371,荣上青云府,临安,285,1室/2室/3室/别墅/建筑面积：41-160㎡
372,杭与城天街地标铺,余杭,40000,NaN
373,绿城青亭,拱墅,26000,建筑面积：48-53㎡
374,春山隐树院,临安,760,别墅/建筑面积：211-218㎡
375,融悦天辰府,临安,12000,3室/4室/建筑面积：89-139㎡
376,广宇东润大厦,上城,38000,商业/建筑面积：58-95㎡
377,保亿观雲昆月城,临安,NaN,建筑面积：229000㎡
378,宸著锦庭,临安,21800,3室/4室/建筑面积：97-115㎡
379,中豪·桃源时代,拱墅,18000,建筑面积：250000㎡
380,领界大厦,滨江,40000,建筑面积：108370㎡
381,西房湖语牧松里,临安,360,别墅/建筑面积：173-173㎡
382,千岛湖青溪银泰城泰悦府,淳安县,15000,3室/4室/建筑面积：128-177㎡
383,新安明月府,建德市,17500,3室/4室/别墅/建筑面积：89-175㎡
384,景顺铂悦城,西湖,30000,建筑面积：41㎡
385,中海·钱江ONE,上城,70000,建筑面积：51.56-219.74㎡
386,建德八佰伴购物中心,建德市,14800,商业/建筑面积：42-47㎡
387,运河万科中心,拱墅,25000,建筑面积：666-2941.49㎡
388,金汇之城,富阳,22000,商业/建筑面积：40-44㎡
389,国开东方锦贤府,临安,20458,2室/3室/4室/建筑面积：75-128㎡
390,钱塘ONE,西湖,37000,建筑面积：22-128㎡
391,飘鹰富春江花苑,桐庐县,15000,2室/3室/建筑面积：88-125㎡
392,千岛湖阿尔法城,淳安县,15000,商业/建筑面积：35-57㎡
393,龙潭渡云湖湾公寓,桐庐县,21000,商业/建筑面积：64-89㎡
394,西溪印,西湖,55000,建筑面积：230-450㎡
395,西投绿城浙谷深蓝中心,西湖,20000,建筑面积：1754-1754㎡
396,粤港湾·心安江上,建德市,14660,3室/4室/别墅/建筑面积：98-152㎡
397,和平德信中心,拱墅,28000,建筑面积：50700㎡
398,富春望,桐庐县,32000,3室/4室/建筑面积：145-185㎡
399,城北地铁宝龙广场,拱墅,40000,建筑面积：198906㎡
400,望青府,临安,26880,建筑面积：44474㎡
401,望钱塘印中心,钱塘,27500,建筑面积：300㎡
402,美的滨湖翠邸,临安,23980,3室/建筑面积：89-94㎡
403,西投万科·开物创新大厦,西湖,26000,建筑面积：376㎡
404,珊瑚世纪雅园,西湖,45000,建筑面积：541.18-960.36㎡
405,沁桂轩商铺,萧山,69415,建筑面积：565.63-1283.09㎡
406,正荣鹤亭熙青府,临安,21815,3室/4室/建筑面积：89-130㎡
407,萧元江南沥城·西区,萧山,16500,建筑面积：40485㎡
408,复创云城,临平,19000,建筑面积：220000㎡
409,千岛鲁能胜地公寓,淳安县,20000,商业/建筑面积：58-165㎡
410,奥克斯中心,余杭,28000,建筑面积：450000㎡
411,云泓之城,余杭,35000,建筑面积：81.57-107.11㎡
412,金瑞山南印,上城,36000,建筑面积：108500㎡
413,棠颂大院,临安,27100,2室/3室/建筑面积：65-102㎡
414,港郦中心,余杭,37500,商业/建筑面积：32-55㎡
415,未来天空中心,余杭,28000,建筑面积：1162-2109㎡
416,望朝中心,萧山,40000,建筑面积：170000㎡
417,金马高悦府,桐庐县,21000,3室/4室/建筑面积：85-112㎡
418,锦溪颐景御府,临安,19250,2室/3室/4室/建筑面积：77-167㎡
419,西投银泰城,西湖,30000,建筑面积：520000㎡
420,融信中心,上城,26500,建筑面积：1249-2581㎡
421,鲲鹏府,临安,19250,建筑面积：110494㎡
422,星雨华府,临安,305,3室/4室/别墅/建筑面积：89-190㎡
423,六合浅山,淳安县,400,2室/3室/别墅/建筑面积：79-262㎡
424,绿地中央广场,拱墅,27000,建筑面积：210000㎡
425,西投德信云湖印,西湖,30000,建筑面积：76986㎡
426,绿地商业中心写字楼,上城,26000,建筑面积：137㎡
427,平澜商务中心,萧山,30000,建筑面积：2145.37㎡
428,盛会新座,上城,50000,建筑面积：38978㎡
429,绿都中天云屿江月,建德市,400,3室/4室/别墅/建筑面积：89-164㎡
430,平高创业城写字楼,余杭,20000,建筑面积：50-50㎡
431,德金中心,上城,27000,建筑面积：355㎡
432,听桂雅院,临安,451,别墅/建筑面积：171-180㎡
433,科尔博亚时代中心,萧山,33000,建筑面积：118141㎡
434,耦贤里,临安,26880,1室/2室/3室/4室/建筑面积：60-180㎡
435,中海黄龙云起商铺,西湖,50000,建筑面积：90000㎡
436,平峰晓庐,临安,17000,3室/4室/建筑面积：89-117㎡
437,吾角商业中心写字楼,钱塘,26500,建筑面积：34-52㎡
438,绿地中央广场商铺,拱墅,40000,NaN
439,西投横创商务中心,西湖,36502,建筑面积：134906㎡
440,瑞聚商务中心,临平,NaN,建筑面积：1535㎡
441,杭承府,萧山,46200,建筑面积：50576㎡
442,珹上润府,拱墅,50840,4室/5室/建筑面积：185-255㎡
443,滨江交投临澜之城,萧山,17000,3室/4室/建筑面积：100-138㎡
444,蓝城·桃華里,上城,30500,建筑面积：21968㎡
445,中冶锦绣公馆,西湖,56705,4室/建筑面积：139-179㎡
446,绿城江畔锦园,富阳,25000,3室/4室/建筑面积：100-143.23㎡
447,中家德玺尚座,拱墅,44000,建筑面积：72096㎡
448,阅君蓝丽轩,余杭,43075,3室/4室/建筑面积：89-136㎡
449,德信御临云峰,上城,40000,建筑面积：71200㎡
450,碧桂园奇山望庐,桐庐县,18177,别墅/建筑面积：188-220㎡
451,桃境满元里,上城,34370,建筑面积：54169㎡
452,平高创业城,余杭,23000,建筑面积：350000㎡
453,清正源府（人才共有产权),拱墅,25175,1室/2室/3室/建筑面积：49-95㎡
454,才泊嘉院（人才共有产权）,余杭,22325,1室/2室/3室/建筑面积：49-98㎡
455,揽潮华庭,上城,60000,建筑面积：20968㎡
456,春意江南名邸,钱塘,18800,4室/建筑面积：89-89㎡
457,滨和印,萧山,25000,商业/建筑面积：320-325㎡
458,兴耀金帝启岸城,萧山,20500,3室/4室/建筑面积：87.51-110.14㎡
459,天润西麓府,余杭,246,3室/4室/别墅/建筑面积：89-160㎡
460,东海闲湖城·琥珀湾,余杭,907,别墅/建筑面积：248-288㎡
461,迪晟晟座,西湖,20000,商业/建筑面积：38.49-45㎡
462,HCC中天纪公寓,钱塘,16000,商业/建筑面积：340㎡
463,广瑞润园,杭州周边,10500,3室/4室/建筑面积：89-127㎡
464,瀚悦宸邸,富阳,23975,建筑面积：90842㎡
465,奥城·望景园公寓,桐庐县,24000,商业/建筑面积：185-364㎡
466,滨江兴耀·江翠轩,上城,44400,4室/建筑面积：129-165㎡
467,河翠云筑（人才共有产权）,上城,28405,建筑面积：33100㎡
468,潮映万象轩,上城,65800,4室/5室/建筑面积：208-355㎡
469,德信小河云庄,拱墅,51440,3室/4室/6室/建筑面积：165-340㎡
470,潮映华岸府,上城,65800,建筑面积：63011㎡
471,沁香公寓（人才共有产权）,钱塘,25800,2室/3室/4室/建筑面积：87-165㎡
472,樱漫里,萧山,18000,3室/4室/建筑面积：89-136㎡
473,新希望锦翠栖源,西湖,31350,5室/建筑面积：245㎡
474,悦黛蓝翰轩,余杭,43075,建筑面积：7922㎡
475,润枫东润紫园,淳安县,11500,2室/3室/4室/建筑面积：77-130㎡
476,千岛湖青溪银泰城泰悦居,淳安县,11000,2室/3室/建筑面积：82-115㎡
477,珑首玲珑,桐庐县,14000,商业/建筑面积：37-43㎡
478,艺音金座,西湖,32500,建筑面积：54764㎡
479,拥秀名居（共有产权）,临平,29186,建筑面积：62488㎡
480,悦湖湾花园,淳安县,23000,3室/4室/别墅/建筑面积：88-149㎡
481,泽翠居,萧山,17730,3室/建筑面积：89-98㎡
482,樟源府,萧山,13700,3室/4室/建筑面积：89-121㎡
483,祥生湛景江山云樾府,钱塘,26200,3室/4室/建筑面积：88-128㎡
484,春江御园,富阳,600,别墅/建筑面积：170-300㎡
485,保利·和颂春风里,拱墅,29500,3室/4室/建筑面积：107-139㎡
486,绿城吉祥里,拱墅,35000,商业/建筑面积：310㎡
487,柏源晶舍,临安,22800,1室/3室/4室/建筑面积：42-110㎡
488,绿地柏澜晶舍,临安,298,3室/4室/别墅/建筑面积：89-202㎡
489,保利和著风华里,拱墅,33200,3室/4室/建筑面积：102-139㎡
490,华昭府,余杭,20500,3室/4室/建筑面积：111-256㎡
491,启航城,余杭,20000,3室/4室/建筑面积：97-131㎡
492,华景川科大湖沁宸园,临平,19800,3室/4室/建筑面积：97.65-118㎡
493,万科江斓映象府,滨江,49300,4室/5室/建筑面积：147-199㎡
494,荷禹宸府,临平,22600,3室/4室/建筑面积：96-127㎡
495,文宸望府,萧山,21400,3室/4室/建筑面积：98-118㎡
496,春境前潮府,萧山,18000,3室/4室/建筑面积：89-137㎡
497,华景川樾臻府,萧山,13000,3室/4室/建筑面积：89-116㎡
498,绿城桂语新月,富阳,22000,3室/4室/建筑面积：98-138㎡
499,能建城发瞰奥府,萧山,34000,3室/4室/建筑面积：100-138㎡
500,拥奥府,萧山,42900,3室/4室/建筑面积：98-126㎡
501,滨江澄虹府,萧山,46200,4室/5室/建筑面积：132-236㎡
502,滨运锦上湾,拱墅,32333,NaN
503,滨江春天阳光名城,钱塘,18700,3室/4室/5室/建筑面积：89-156㎡
504,湖翠里,钱塘,38300,4室/建筑面积：130-166㎡
505,翠语彩虹里,西湖,28600,3室/4室/建筑面积：109-139㎡
506,绿城晓月和风,滨江,40000,3室/4室/建筑面积：110-165㎡
507,杭州春江潮鸣,萧山,19856,4室/7室/建筑面积：300-870㎡
508,蝶翠迎宾府,临平,26600,3室/4室/建筑面积：96-139㎡
509,大家中天云翠金澜府,上城,44400,3室/4室/建筑面积：110-168㎡
510,春咏风荷里,钱塘,27500,3室/4室/建筑面积：99-121㎡
511,滨江旭辉滨旭府,萧山,25600,3室/4室/建筑面积：89-110㎡
512,绿城·春境东来院,临平,33600,4室/5室/建筑面积：122-170㎡
513,龙井院子,西湖,600,别墅/建筑面积：138-160㎡
514,万科星图光年轩,余杭,29100,3室/4室/建筑面积：105-139㎡
515,融创·杭曜之城,钱塘,30000,3室/4室/建筑面积：105-142㎡
516,禹洲泊朗廷,萧山,26800,2室/3室/4室/建筑面积：81-148㎡
517,华发联发悦望荟,拱墅,33200,3室/4室/建筑面积：103-139㎡
518,融创森与海之城,萧山,14000,2室/3室/4室/5室/别墅/建筑面积：88-166㎡
519,滨江中豪枫秀云庭,余杭,36100,4室/5室/建筑面积：120-190㎡
520,金帝·咏颂轩,萧山,34198,3室/4室/建筑面积：107-125㎡
521,德信金科泊岸江宸轩,萧山,21400,3室/建筑面积：89.22-107.39㎡
522,叠潮雅庭,萧山,30860,4室/5室/建筑面积：118-162㎡
523,联发臻和雅颂府,拱墅,48100,4室/建筑面积：135-150㎡
524,中天海威云咏汀洲,临平,26600,3室/4室/建筑面积：98-130㎡
525,萧澜隐翠轩,萧山,30000,3室/4室/建筑面积：99-127㎡
526,星创云珹府,余杭,20500,3室/4室/建筑面积：106-152㎡
527,滨江大家招商·锦翠金宸府,拱墅,34000,3室/4室/建筑面积：99-138㎡
528,祥新·如澜邸,西湖,28100,3室/4室/建筑面积：89-175㎡
529,绿城·樾鸣春晓园,余杭,23100,3室/4室/建筑面积：105-125㎡
530,中融蓝城Co.C理想城,西湖,28000,商业/建筑面积：29-51㎡
531,地铁越秀·星缦云渚,余杭,29090,3室/4室/建筑面积：97-141㎡
532,东海闲湖城·栖霞湾,余杭,19198,3室/4室/建筑面积：98-138㎡
533,西投绿城春树云筑公寓,西湖,29800,商业/建筑面积：33-76㎡
534,滨江越秀天澜美境,上城,51000,4室/5室/建筑面积：178-248㎡
535,宁望府,萧山,33500,3室/4室/建筑面积：108-142㎡
536,运晓花映里,拱墅,30000,3室/建筑面积：96-130㎡
537,中天翡玥府,钱塘,18000,3室/建筑面积：86-101㎡
538,三迪雅颂美筑,钱塘,14600,3室/4室/建筑面积：88-112㎡
539,兴耀湖境观岚湾,钱塘,21300,3室/4室/建筑面积：89-139㎡
540,西房·宸鹭晴语轩,拱墅,47000,4室/建筑面积：139-176㎡
541,馥源庭,拱墅,55363,3室/4室/6室/建筑面积：110-230㎡
542,万象上东,上城,38000,2室/3室/4室/建筑面积：84-150㎡
543,ONE53,上城,90000,商业/建筑面积：244-438㎡
544,杭州国际金融中心,上城,57215,4室/建筑面积：158-320㎡
545,晨语汀澜里,临平,23600,3室/4室/建筑面积：99-139㎡
546,亚奥城,萧山,35000,商业/建筑面积：42-145㎡
547,融创融耀之城,临平,24000,3室/4室/建筑面积：89-125㎡
548,湖翠晓印轩,萧山,502,建筑面积：151637㎡
549,杭曜置地中心,拱墅,46200,3室/4室/建筑面积：118-179㎡
550,东湖云杉郡,临平,19000,商业/建筑面积：40-75㎡
551,杭州新天地,拱墅,26000,商业/建筑面积：40-136㎡
552,保亿湖珀润园,萧山,26845,4室/建筑面积：162-171㎡
553,之彩城,萧山,17000,2室/3室/4室/建筑面积：97-129㎡
554,杭房众安·未珂宸铭府,余杭,24110,3室/4室/建筑面积：108-138㎡
555,广宇·锦上云澜,钱塘,27500,3室/4室/建筑面积：99-160㎡
556,咏翠芳华轩,临平,22600,3室/4室/建筑面积：98-139㎡
557,澳海云樾赋,富阳,11300,2室/3室/建筑面积：81.69-113㎡
558,绿城卓越傲旋城公寓,滨江,33000,商业/建筑面积：57-312㎡
559,星创雅望居,萧山,25600,3室/4室/建筑面积：104-139㎡
560,百郦玲珑府,上城,44200,3室/4室/别墅/建筑面积：95-180㎡
561,和悦清晖园,余杭,612,别墅/建筑面积：190-240㎡
562,中骏鼎湖未来云城,临平,28500,3室/4室/建筑面积：108-190㎡
563,中建潮阅尚境,临平,26600,3室/4室/建筑面积：98-139㎡
564,绿城卓越傲旋城,滨江,47000,1室/2室/3室/建筑面积：90-90㎡
565,越秀滨江中豪翠宸里,余杭,31200,建筑面积：208700㎡
566,东傲城大平层,钱塘,13000,商业/建筑面积：300㎡
567,苏荷汇,拱墅,33000,商业/建筑面积：46-140㎡
568,荣盛江荣府,滨江,38000,4室/建筑面积：119-129㎡
569,绿荷叠翠轩,临平,22600,3室/4室/建筑面积：98-139㎡
570,御湖城,萧山,21000,商业/建筑面积：84-210㎡
571,如沐清晖城,临安,22500,2室/3室/别墅/建筑面积：97-195㎡
572,月映星语园,临平,24000,3室/4室/建筑面积：100-139㎡
573,洺川名著园,西湖,28200,4室/建筑面积：155-215㎡
574,山澜桂语轩,萧山,32000,3室/4室/建筑面积：89-119.17㎡
575,江河鸣翠公寓,上城,80000,建筑面积：132400㎡
576,运晓花望府,拱墅,29500,3室/4室/建筑面积：100-127㎡
577,濋玥府,萧山,30000,3室/4室/建筑面积：95-123㎡
578,大家中天·春樾星宸,拱墅,33200,3室/4室/建筑面积：110-137㎡
579,绿城·三江明月,萧山,22000,商业/建筑面积：36-43㎡
580,中海河映云集,拱墅,38000,3室/4室/建筑面积：107-147㎡
581,御滨府御映,滨江,40600,建筑面积：91459㎡
582,海潮望月城·潮印,上城,66000,建筑面积：296000㎡
583,瑞源邸,富阳,20500,3室/4室/建筑面积：93-121㎡
584,秦望府,富阳,29800,3室/4室/建筑面积：102-350㎡
585,沥瑞府,萧山,14500,3室/4室/建筑面积：100-134㎡
586,青溪美庐,临安,12500,1室/2室/建筑面积：41-75㎡
587,世茂栖棠誉湾,滨江,45836,4室/建筑面积：139㎡
588,庆樾上府,拱墅,55000,4室/5室/建筑面积：140-208㎡
589,金帝·湖望庐,萧山,35690,4室/建筑面积：126-139㎡
590,西房·宸鹭香舍,拱墅,47000,4室/5室/建筑面积：139-275㎡
591,金成滨玺云著邸,滨江,38000,3室/4室/建筑面积：104-131㎡
592,中天坤和大家·湖境天宸,上城,32900,3室/4室/建筑面积：110-139㎡
593,云彩之城,萧山,25600,4室/建筑面积：139㎡
594,蓝城恒伟江南山庄,临安,15000,3室/4室/别墅/建筑面积：89-287㎡
595,庞鑫沁耀府,萧山,17800,3室/4室/建筑面积：95-138㎡
596,望斓翠印府,上城,44400,建筑面积：78778㎡
597,翠著邱山里,临平,29780,4室/建筑面积：139-189㎡
598,听悦雅庭,萧山,30000,3室/4室/建筑面积：89-110㎡
599,赞成和风,临平,23600,3室/4室/建筑面积：105-137㎡
600,万科白鹭郡西,余杭,1484,别墅/建筑面积：265-1242㎡
601,鲲鹏府,临安,19250,建筑面积：110494㎡
602,星雨华府,临安,305,3室/4室/别墅/建筑面积：89-190㎡
603,六合浅山,淳安县,400,2室/3室/别墅/建筑面积：79-262㎡
604,绿地中央广场,拱墅,27000,建筑面积：210000㎡
605,西投德信云湖印,西湖,30000,建筑面积：76986㎡
606,绿地商业中心写字楼,上城,26000,建筑面积：137㎡
607,平澜商务中心,萧山,30000,建筑面积：2145.37㎡
608,盛会新座,上城,50000,建筑面积：38978㎡
609,绿都中天云屿江月,建德市,400,3室/4室/别墅/建筑面积：89-164㎡
610,平高创业城写字楼,余杭,20000,建筑面积：50-50㎡
611,德金中心,上城,27000,建筑面积：355㎡
612,听桂雅院,临安,451,别墅/建筑面积：171-180㎡
613,科尔博亚时代中心,萧山,33000,建筑面积：118141㎡
614,耦贤里,临安,26880,1室/2室/3室/4室/建筑面积：60-180㎡
615,中海黄龙云起商铺,西湖,50000,建筑面积：90000㎡
616,平峰晓庐,临安,17000,3室/4室/建筑面积：89-117㎡
617,吾角商业中心写字楼,钱塘,26500,建筑面积：34-52㎡
618,绿地中央广场商铺,拱墅,40000,NaN
619,西投横创商务中心,西湖,36502,建筑面积：134906㎡
620,瑞聚商务中心,临平,NaN,建筑面积：1535㎡
621,杭承府,萧山,46200,建筑面积：50576㎡
622,珹上润府,拱墅,50840,4室/5室/建筑面积：185-255㎡
623,滨江交投临澜之城,萧山,17000,3室/4室/建筑面积：100-138㎡
624,蓝城·桃華里,上城,30500,建筑面积：21968㎡
625,中冶锦绣公馆,西湖,56705,4室/建筑面积：139-179㎡
626,绿城江畔锦园,富阳,25000,3室/4室/建筑面积：100-143.23㎡
627,中家德玺尚座,拱墅,44000,建筑面积：72096㎡
628,阅君蓝丽轩,余杭,43075,3室/4室/建筑面积：89-136㎡
629,德信御临云峰,上城,40000,建筑面积：71200㎡
630,碧桂园奇山望庐,桐庐县,18177,别墅/建筑面积：188-220㎡
631,桃境满元里,上城,34370,建筑面积：54169㎡
632,平高创业城,余杭,23000,建筑面积：350000㎡
633,清正源府（人才共有产权),拱墅,25175,1室/2室/3室/建筑面积：49-95㎡
634,才泊嘉院（人才共有产权）,余杭,22325,1室/2室/3室/建筑面积：49-98㎡
635,揽潮华庭,上城,60000,建筑面积：20968㎡
636,春意江南名邸,钱塘,18800,4室/建筑面积：89-89㎡
637,滨和印,萧山,25000,商业/建筑面积：320-325㎡
638,兴耀金帝启岸城,萧山,20500,3室/4室/建筑面积：87.51-110.14㎡
639,天润西麓府,余杭,246,3室/4室/别墅/建筑面积：89-160㎡
640,东海闲湖城·琥珀湾,余杭,907,别墅/建筑面积：248-288㎡
641,迪晟晟座,西湖,20000,商业/建筑面积：38.49-45㎡
642,HCC中天纪公寓,钱塘,16000,商业/建筑面积：340㎡
643,广瑞润园,杭州周边,10500,3室/4室/建筑面积：89-127㎡
644,瀚悦宸邸,富阳,23975,建筑面积：90842㎡
645,奥城·望景园公寓,桐庐县,24000,商业/建筑面积：185-364㎡
646,滨江兴耀·江翠轩,上城,44400,4室/建筑面积：129-165㎡
647,河翠云筑（人才共有产权）,上城,28405,建筑面积：33100㎡
648,潮映万象轩,上城,65800,4室/5室/建筑面积：208-355㎡
649,德信小河云庄,拱墅,51440,3室/4室/6室/建筑面积：165-340㎡
650,潮映华岸府,上城,65800,建筑面积：63011㎡
651,沁香公寓（人才共有产权）,钱塘,25800,2室/3室/4室/建筑面积：87-165㎡
652,樱漫里,萧山,18000,3室/4室/建筑面积：89-136㎡
653,新希望锦翠栖源,西湖,31350,5室/建筑面积：245㎡
654,悦黛蓝翰轩,余杭,43075,建筑面积：7922㎡
655,润枫东润紫园,淳安县,11500,2室/3室/4室/建筑面积：77-130㎡
656,千岛湖青溪银泰城泰悦居,淳安县,11000,2室/3室/建筑面积：82-115㎡
657,珑首玲珑,桐庐县,14000,商业/建筑面积：37-43㎡
658,艺音金座,西湖,32500,建筑面积：54764㎡
659,拥秀名居（共有产权）,临平,29186,建筑面积：62488㎡
660,悦湖湾花园,淳安县,23000,3室/4室/别墅/建筑面积：88-149㎡
661,金地威新中心,上城,69130,建筑面积：200000㎡
662,望庐商铺,拱墅,60000,建筑面积：61495㎡
663,沐春明月公寓,上城,50000,NaN
664,越秀·鸣翠悦映轩,临安,21200,建筑面积：67902㎡
665,未来云帆城商铺,钱塘,45000,建筑面积：770013㎡
666,保利中心写字楼,上城,30000,建筑面积：1527-1527㎡
667,建杭潮观平澜府,上城,66000,建筑面积：83376㎡
668,华元启歆府,余杭,20000,建筑面积：89858㎡
669,湖岸枫林雅庭,临平,25050,建筑面积：69787㎡
670,浙大网新银湖科技园,富阳,21000,商业/建筑面积：41.33-41.33㎡
671,西溪铭庭,余杭,31000,建筑面积：139000㎡
672,明彩城写字楼,萧山,18000,建筑面积：311-318㎡
673,云澜谷商务中心,西湖,36000,建筑面积：92572㎡
674,樟宜翠湾商铺,萧山,42800,建筑面积：203560㎡
675,钱潮嘉苑（共有产权）,钱塘,22791,建筑面积：152519㎡
676,新天地东方茂,拱墅,22000,建筑面积：3900㎡
677,江滨公望大厦,富阳,22000,建筑面积：60㎡
678,滨耀城写字楼,临平,25885,建筑面积：2627000㎡
679,东湖云杉郡商铺,临平,24390,建筑面积：46311㎡
680,杭州城南万达金街,富阳,29000,建筑面积：119.25-121.54㎡
681,河映云集商铺,拱墅,30000,NaN
682,喧泽大厦,上城,72457,建筑面积：700㎡
683,之江长九中心,西湖,32333,NaN
684,中天艮北2022101项目,上城,44400,建筑面积：85968㎡
685,舟山保利自在海,杭州周边,13000,1室/2室/别墅/建筑面积：38-161㎡
686,中旅和乐小镇,杭州周边,17000,2室/3室/4室/别墅/建筑面积：88-139㎡
687,日耀之城,萧山,41000,建筑面积：29000㎡
688,星澜城,杭州周边,18900,3室/4室/建筑面积：96-143㎡
689,宝业云溪里,杭州周边,13500,3室/4室/别墅/建筑面积：98-180㎡
690,鲁能公馆,杭州周边,13000,3室/4室/别墅/建筑面积：87-220㎡
691,重庆中心,杭州周边,28000,3室/5室/建筑面积：195-412㎡
692,天使小镇·浅山明月,杭州周边,21800,2室/3室/建筑面积：74-120㎡
693,宸园,杭州周边,15000,3室/4室/建筑面积：88-128㎡
694,蓝城·春风十里,杭州周边,17147,1室/2室/3室/别墅/建筑面积：49-180㎡
695,中南漫悦湾,杭州周边,15707,3室/建筑面积：79-89㎡
696,安吉清华园,杭州周边,10362,3室/4室/别墅/建筑面积：88-210㎡
697,菱湖臻院,杭州周边,8100,3室/4室/建筑面积：113-142㎡
698,太湖健康城星宸府,杭州周边,13300,3室/4室/建筑面积：98-138㎡
699,云锦天樾,杭州周边,210,3室/4室/建筑面积：89-206㎡
700,钱门江南府,杭州周边,14380,3室/4室/建筑面积：89-142㎡
701,德信时代云起,杭州周边,17000,3室/4室/建筑面积：89-239㎡
702,东投明越台,杭州周边,15000,3室/建筑面积：92-115㎡
703,广瑞润园,杭州周边,10500,3室/4室/建筑面积：89-127㎡
704,海波名苑,萧山,17000,3室/建筑面积：90-130㎡
705,新都·泰和府,杭州周边,7800,2室/3室/建筑面积：68-122㎡
706,广瑞沁园,杭州周边,7780,3室/4室/建筑面积：77-126㎡
707,重庆朝天阁,杭州周边,55000,1室/2室/3室/4室/5室/建筑面积：92-1410㎡
708,万科大理拾叁月,杭州周边,13000,1室/2室/3室/建筑面积：80-155㎡
709,利时·玖珑湾,杭州周边,200,别墅/建筑面积：56-270㎡
710,水韵蓝湾,杭州周边,16500,2室/3室/4室/建筑面积：76-128㎡
711,融创莫干溪谷,杭州周边,300,别墅/建筑面积：84-154㎡
712,HFC华发金融活力城,杭州周边,24300,3室/4室/建筑面积：89-165㎡
713,祥生城市之光,杭州周边,19157,3室/4室/建筑面积：104-165㎡
714,滨江联合·枫翠云轩,余杭,36100,4室/5室/建筑面积：139-190㎡
715,潮观揽月轩,上城,66000,4室/5室/建筑面积：175-223㎡
716,欣翠里,萧山,27000,3室/4室/建筑面积：97-131㎡
717,观晖美寓,滨江,40000,3室/4室/建筑面积：106-169㎡
718,春宸上府,上城,42640,4室/建筑面积：123-163㎡
719,星遇光年府,余杭,31200,3室/4室/建筑面积：105-139㎡
720,绿城桂香园,西湖,45500,别墅/建筑面积：199-211㎡
721,绿城月映海棠园,余杭,31200,3室/4室/建筑面积：95-160㎡
722,龙致商业中心公寓,西湖,35000,商业/建筑面积：38-68㎡
723,天目观山月,临安,12800,1室/2室/建筑面积：49-77㎡
724,盈都新天地,杭州周边,14500,商业/建筑面积：25-41㎡
725,春江山居,桐庐县,11000,1室/2室/3室/别墅/建筑面积：49-198㎡
726,铂瑞悦府,上城,38000,商业/建筑面积：36-55㎡
727,星瓒颂锦府,拱墅,46200,3室/4室/建筑面积：108-177㎡
728,滨江兴耀·湖悦岚湾,钱塘,21300,3室/4室/建筑面积：89-135㎡
729,绿城云栖桃花源,富阳,800,3室/4室/别墅/建筑面积：91-301.06㎡
730,中天宸望,临安,21800,3室/4室/建筑面积：89-125㎡
731,绿城燕语海棠轩,余杭,31200,3室/4室/建筑面积：105-139㎡
732,杰立潮前府,上城,33400,3室/4室/建筑面积：89-127㎡
733,德信C公馆,萧山,26000,商业/建筑面积：42㎡
734,南站之翼,萧山,29000,商业/建筑面积：38㎡
735,德信时光之宸,萧山,18600,3室/4室/建筑面积：89-122㎡
736,杭州嘉里中心逸庐,拱墅,120000,商业/建筑面积：163-270㎡
737,融信滨望雅庭,萧山,28500,3室/4室/建筑面积：106-142㎡
738,花芸春境,上城,31500,3室/4室/建筑面积：101-139㎡
739,观翠揽月轩,上城,67500,4室/5室/建筑面积：144-248㎡
740,中梁云都汇公寓,西湖,30000,商业/建筑面积：34-43㎡
741,中粮悦著云轩,萧山,46000,4室/建筑面积：143-170㎡
742,悦汀蓝玉轩,余杭,20100,2室/3室/4室/建筑面积：67-128㎡
743,建发华发江华玺云,上城,66000,4室/建筑面积：136-199㎡
744,雍景山城,富阳,253,3室/4室/别墅/建筑面积：88-239㎡
745,京港国际中心,萧山,41000,商业/建筑面积：188-271㎡
746,明石东潮府,上城,30000,建筑面积：96000㎡
747,馥香园,拱墅,55530,4室/5室/建筑面积：175-280㎡
748,越秀滨江滨萃悦府,拱墅,36000,4室/5室/建筑面积：128-186㎡
749,学成府,临平,672,3室/4室/别墅/建筑面积：100-180㎡
750,华景川北宸明月,杭州周边,11000,2室/3室/4室/别墅/建筑面积：79-220㎡
751,云潮府,萧山,28300,4室/建筑面积：122-144㎡
752,禹洲滨天地公寓,西湖,25000,商业/建筑面积：34-74㎡
753,绿城九龙仓桂语朝阳,萧山,34675,别墅/建筑面积：172-210㎡
754,明熙府,上城,30900,3室/4室/建筑面积：89-140㎡
755,中梁御府,余杭,37000,3室/别墅/建筑面积：89-176㎡
756,凤起钱潮,上城,111600,3室/4室/5室/建筑面积：137-232㎡
757,北上星云府,余杭,29227,3室/4室/建筑面积：95-115㎡
758,环翼城,上城,36333,商业/建筑面积：66㎡
759,金成英特尔湾,余杭,28653,4室/建筑面积：130-139㎡
760,融创金成璞樾大观,临安,18900,3室/4室/别墅/建筑面积：95-225㎡
761,荣望轩,萧山,28500,3室/4室/建筑面积：98-129㎡
762,荟品天语城,拱墅,54000,3室/4室/5室/建筑面积：119-199㎡
763,绿地众安宸瀚里,临平,23000,3室/4室/建筑面积：86.87-124㎡
764,中旅时光里,临平,30000,3室/4室/建筑面积：89-129㎡
765,华鸿东潮云庭,钱塘,19800,3室/建筑面积：89-99㎡
766,阳光城檀映里,拱墅,47000,3室/4室/建筑面积：115-142㎡
767,万城景湖园,杭州周边,19500,3室/4室/建筑面积：90-137㎡
768,金地玖峯汇,上城,42827,别墅/建筑面积：89-155㎡
769,越秀前滩名邸,上城,55584,4室/别墅/建筑面积：132-149㎡
770,泷悦华府,上城,30900,3室/4室/建筑面积：110-138㎡
771,佳印府,萧山,34371,3室/4室/建筑面积：89-163㎡
772,联发藏珑大境,余杭,38049,4室/别墅/建筑面积：127-167㎡
773,保利欣品华庭,萧山,32000,3室/4室/建筑面积：96-165㎡
774,德信中心,上城,46500,3室/4室/建筑面积：110-150㎡
775,花语天境·江河墅,上城,60266,别墅/建筑面积：181-232㎡
776,富力中心,余杭,33000,商业/建筑面积：41.54-88㎡
777,绿城和庐,余杭,39793,3室/4室/别墅/建筑面积：96-230㎡
778,久雍府,临平,22089,3室/4室/建筑面积：97.15-137.27㎡
779,碧桂园铂玺湾,富阳,22818,3室/建筑面积：89㎡
780,星南站公寓,萧山,38883,商业/建筑面积：37.7-40㎡
781,上坤华景川云栖宸园,临平,21400,3室/4室/建筑面积：89-107㎡
782,联发北秀观云,拱墅,34000,3室/4室/建筑面积：96-130㎡
783,中南春溪集,上城,34203,3室/4室/建筑面积：89-118㎡
784,金科博翠府,拱墅,32000,3室/4室/建筑面积：135-139㎡
785,中豪湘和国际,上城,30000,商业/建筑面积：30-98㎡
786,云安朴座公寓,临安,16500,商业/建筑面积：52-127㎡
787,香栖天第,拱墅,50925,3室/4室/建筑面积：99-128㎡
788,春和云境,拱墅,33000,3室/4室/建筑面积：95-140㎡
789,万达同心湾,富阳,23975,3室/4室/建筑面积：89-130㎡
790,滨江沁语晓庭,拱墅,37201,3室/4室/建筑面积：98-113㎡
791,中冶锦绣华府,拱墅,49000,4室/建筑面积：129-169㎡
792,未来府,杭州周边,13427,3室/4室/建筑面积：87-132㎡
793,御清城,临平,21400,3室/4室/建筑面积：89-139㎡
794,新城璟隽名邸,萧山,32000,3室/4室/商业/建筑面积：30-129㎡
795,印象苕溪,临安,21215,3室/建筑面积：89-108㎡
796,阳光城保亿?翡丽云邸,临平,30000,3室/4室/别墅/建筑面积：89-139㎡
797,中交理想时代芳华,临平,24000,3室/4室/建筑面积：89-118㎡
798,观湖里,萧山,2000,别墅/建筑面积：240-355㎡
799,融信澜庭启杭,杭州周边,16311,2室/3室/建筑面积：78-98㎡
800,绿城茗春苑,西湖,36616,3室/4室/6室/建筑面积：110-342㎡
801,杭房悦东方,钱塘,504,3室/4室/别墅/建筑面积：85-252㎡
802,建发银泰天悦,桐庐县,21000,3室/4室/建筑面积：98-139㎡
803,春来枫华,拱墅,47682,3室/4室/建筑面积：98-139㎡
804,融创悦融湾,萧山,13700,3室/4室/建筑面积：89-125㎡
805,旭辉宸宇府,萧山,25000,3室/4室/别墅/建筑面积：99-193㎡
806,西投滨江五幸银座,西湖,30933,商业/建筑面积：25-65㎡
807,碧桂园玖晟府,临安,20000,3室/4室/5室/建筑面积：89-140㎡
808,上坤山语四季,临平,21400,3室/4室/建筑面积：89-129㎡
809,光合映住宅,临平,23500,3室/4室/建筑面积：98-125㎡
810,天尔名庭,拱墅,54000,3室/4室/5室/建筑面积：128-173㎡
811,旭辉东原国滨府,萧山,41640,2室/4室/建筑面积：53-179㎡
812,融信沐澜,余杭,38241,3室/4室/别墅/建筑面积：89-139㎡
813,越秀招商云悦湾,上城,58424,4室/别墅/建筑面积：131-199㎡
814,荣安柳岸闻莺,临平,28500,3室/5室/别墅/建筑面积：108-177㎡
815,融创金成十锦台,临安,17000,3室/4室/建筑面积：107-138㎡
816,德信浙旅天空之翼,萧山,23000,3室/4室/建筑面积：89-128㎡
817,杭州大家,拱墅,NaN,3室/4室/建筑面积：118-170㎡
818,万流新邸,萧山,45127,2室/3室/建筑面积：114-164㎡
819,滨江碧桂园翡翠江南,萧山,40135,3室/4室/5室/建筑面积：89-176㎡
820,天城府·天著,上城,53754,2室/3室/4室/建筑面积：60-139㎡
821,东原旭辉璞阅,萧山,38386,3室/4室/建筑面积：89-135㎡
822,大家栖溪,临安,22348,3室/建筑面积：97-125㎡
823,银城云谷天境,西湖,32000,别墅/建筑面积：131-165㎡
824,合景天誉,萧山,38000,3室/4室/别墅/建筑面积：127-228㎡
825,中锐招商星未来,余杭,40564,3室/4室/建筑面积：93-125㎡
826,绿城桂语映月,富阳,20940,3室/4室/建筑面积：95-120㎡
827,世茂璀璨澜宸,余杭,29000,3室/4室/建筑面积：97-126㎡
828,招商融信天澜,西湖,28100,3室/4室/建筑面积：103-133㎡
829,中天雅境,临安,22348,3室/建筑面积：89-89㎡
830,阳光城兴耀花漾里,钱塘,18700,3室/4室/建筑面积：96-116㎡
831,宋都弘阳济宸府,富阳,16300,3室/建筑面积：100-105㎡
832,星光荟公寓,西湖,26800,商业/建筑面积：49-52㎡
833,中粮杭州大悦城印悦,拱墅,32000,商业/建筑面积：69-108㎡
834,运河上城,拱墅,21000,商业/建筑面积：60-120㎡
835,保亿湖风雅园,萧山,33157,别墅/建筑面积：220-253㎡
836,璞云府,临平,21400,3室/4室/建筑面积：88-133㎡
837,电建悦安嘉府,上城,450,3室/别墅/建筑面积：110-160㎡
838,金隅森临澜府AB区,上城,49116,3室/4室/5室/建筑面积：89-129㎡
839,融信空港澜天,萧山,22900,3室/建筑面积：102-116㎡
840,北樾府,临安,22500,2室/3室/4室/建筑面积：68-73㎡
841,复地绿城咏荷郡,临平,22000,3室/4室/建筑面积：99-128㎡
842,恒大观澜府,桐庐县,16925,2室/3室/4室/建筑面积：77-134㎡
843,源著天樾府,临平,30000,3室/4室/建筑面积：89.04-119㎡
844,世茂风颂府,上城,40800,4室/建筑面积：131-139㎡
845,潮听映月府,萧山,37500,4室/5室/建筑面积：127-183㎡
846,中梁沐宸院,余杭,34500,3室/4室/建筑面积：96-138㎡
847,前宸府,萧山,21300,3室/4室/建筑面积：89-139㎡
848,金隅中铁诺德都会森林,上城,70318,3室/4室/建筑面积：124-167㎡
849,星耀中心公寓,滨江,58391,商业/建筑面积：54-60㎡
850,景瑞镜溪绿汀,余杭,57666,别墅/建筑面积：182-188㎡
851,阳光城山水悦江府,富阳,25000,3室/4室/建筑面积：96-118㎡
852,中海御道,上城,57061,3室/4室/建筑面积：185-235㎡
853,德信大江壹号,钱塘,18700,3室/4室/建筑面积：105-130㎡
854,绿城国际社区,临安,21815,3室/4室/建筑面积：90-140㎡
855,越秀景瑞悦见山,临平,26827,2室/3室/别墅/建筑面积：89-138㎡
856,资辉壹方汇,拱墅,39000,商业/建筑面积：33-56㎡
857,春天学府,临安,21917,2室/3室/4室/5室/建筑面积：66-141㎡
858,辉逸云筑,临平,25050,3室/建筑面积：89-128㎡
859,佳兆业云峰,余杭,46066,3室/建筑面积：89-89㎡
860,中国铁建国际汇,拱墅,44000,商业/建筑面积：43-75㎡
861,和光尘樾巢空间,余杭,30000,商业/建筑面积：43㎡
862,碧桂园望江台,建德市,11000,3室/4室/建筑面积：98-132㎡
863,滨江中豪·枫岭云湾,余杭,36100,4室/建筑面积：120-168㎡
864,合能杭玥府,拱墅,36992,3室/4室/建筑面积：89-120㎡
865,滨江嘉品美寓,萧山,60000,3室/4室/5室/建筑面积：120-182㎡
866,香岸云栖燕庐,临平,17250,3室/4室/别墅/建筑面积：105-177㎡
867,滨望之宸府,萧山,16100,3室/4室/建筑面积：89-128㎡
868,江和城和雅苑,建德市,16000,3室/4室/建筑面积：115-131㎡
869,桃李湖滨,临安,27000,2室/3室/4室/别墅/建筑面积：88-260㎡
870,凤凰台住宅,余杭,42595,4室/别墅/建筑面积：118-178㎡
871,星创晶悦府,拱墅,41829,3室/4室/建筑面积：100-138㎡
872,金辉紫雅云邸,西湖,38980,3室/建筑面积：148㎡
873,金地风华东方,桐庐县,16925,3室/4室/建筑面积：93-127㎡
874,宋都如意云庐,桐庐县,19700,3室/建筑面积：105㎡
875,高科商业中心,富阳,15000,商业/建筑面积：36.94㎡
876,德信空港之心公寓,萧山,20720,商业/建筑面积：300㎡
877,上塘九里,余杭,28881,3室/4室/建筑面积：89-123㎡
878,国能悦玺台,临安,21815,3室/4室/5室/建筑面积：88-139㎡
879,杭语蓝庭,余杭,32000,3室/4室/建筑面积：95-135㎡
880,滨江新希望悦潮府,萧山,40000,3室/4室/建筑面积：97-119㎡
881,滨江御虹府,萧山,50000,3室/4室/建筑面积：103-139㎡
882,滨江天澜海岸,上城,53000,4室/5室/6室/建筑面积：178-460㎡
883,锦尚和品府,拱墅,51028,3室/4室/5室/建筑面积：112.48-185㎡
884,万科日耀之城,萧山,47000,3室/4室/5室/建筑面积：105-249㎡
885,保利和者时光印象府,萧山,29609,3室/建筑面积：85-105㎡
886,观品名寓,萧山,47000,4室/5室/建筑面积：169-233㎡
887,渔人码头,钱塘,20930,2室/4室/建筑面积：87-120㎡
888,海伦堡棠锦,余杭,42180,3室/建筑面积：89-89㎡
889,御城御园,临安,16000,5室/建筑面积：280㎡
890,糖朝公寓,萧山,29000,商业/建筑面积：32㎡
891,保利澄品,萧山,33899,4室/5室/建筑面积：127-198㎡
892,阳光星辰,建德市,14660,2室/3室/建筑面积：87.4-126.7㎡
893,春来雅庭,上城,40780,3室/4室/建筑面积：99-139㎡
894,星合映,临平,23600,3室/4室/建筑面积：89-125㎡
895,滨江望涛月明,萧山,37500,3室/4室/建筑面积：108-139㎡
896,永华春语蓝庭公寓,拱墅,28500,商业/建筑面积：300-300㎡
897,碧桂园良樾,余杭,26844,别墅/建筑面积：139㎡
898,云起中心公寓,西湖,40909,商业/建筑面积：33㎡
899,贤辰府,富阳,12500,3室/建筑面积：113.72㎡
900,溪上俪庭,余杭,20000,3室/建筑面积：95-95㎡
901,招商博奥花宸里,萧山,32500,3室/4室/建筑面积：100-130㎡
902,江河鸣翠,上城,57818,3室/4室/5室/建筑面积：143-229㎡
903,绿城交投晓月澄庐,余杭,51365,别墅/建筑面积：195-235㎡
904,柳浪东苑,上城,67437,2室/3室/建筑面积：49.17-81.76㎡
905,万固观澜府,建德市,14660,3室/建筑面积：115㎡
906,傲世邸,萧山,47000,4室/建筑面积：204㎡
907,滨江博语华庭,萧山,49123,3室/4室/建筑面积：99-137㎡
908,玉泉雅苑,建德市,14660,3室/建筑面积：89㎡
909,德信九溪云庄,西湖,48000,建筑面积：61326㎡
910,佳源西溪印象,余杭,40500,建筑面积：37084㎡
911,建发金辉紫璋台,西湖,39056,建筑面积：204789㎡
912,万科缦云坊,余杭,38196,建筑面积：132088㎡
913,蓝城芷园,富阳,58424,建筑面积：34000㎡
914,滨江翠语华庭,萧山,51770,3室/4室/建筑面积：106-125㎡
915,杭行金座,余杭,22000,建筑面积：112056㎡
916,千岛湖时代中心,淳安县,8500,建筑面积：202.83-237.39㎡
917,世茂智慧之门,滨江,61335,建筑面积：2000-2000㎡
918,蜀惠朝闻花城花朝集,萧山,29800,建筑面积：410000㎡
919,黄龙万科中心,西湖,63149,建筑面积：2000-2000㎡
920,钱江西溪新座,西湖,64257,建筑面积：660-850㎡
921,世京云峯,西湖,28000,建筑面积：24827㎡
922,蒲公英天地,钱塘,26394,建筑面积：160152㎡
923,越秀景瑞悦见山商铺,临平,26827,建筑面积：233866㎡
924,新希望滨江锦宸商铺,萧山,49883,建筑面积：87615㎡
925,山水如画,富阳,22677,建筑面积：168706㎡
926,富力西溪悦居商铺,余杭,48249,建筑面积：281435㎡
927,绿众商业中心,萧山,70588,建筑面积：129560㎡
928,融信旭辉湖悦章府商铺,萧山,34602,建筑面积：356000㎡
929,优盟大厦,西湖,23000,建筑面积：97434㎡
930,新风悦居,上城,58424,建筑面积：202037㎡
931,君豪杭州中心,上城,63785,建筑面积：118650㎡
932,滨江大江之星,钱塘,18700,2室/3室/4室/建筑面积：80.16-131.28㎡
933,湖景居,钱塘,32500,建筑面积：59300㎡
934,世纪外滩花园,萧山,34352,别墅/建筑面积：335-440㎡
935,绿城之江1号,西湖,29775,2室/3室/4室/5室/建筑面积：78-420㎡
936,顺发美哉美城,萧山,33899,1室/2室/3室/建筑面积：82-128㎡
937,万科未来城二期,余杭,25713,3室/4室/建筑面积：82-130㎡
938,湘湖壹号,萧山,27745,别墅/建筑面积：410-1380㎡
939,东方御府,上城,57055,4室/5室/建筑面积：180-320㎡
940,香港兴业耦园,余杭,NaN,4室/5室/建筑面积：117-190㎡
941,郡原相江公寓,上城,34203,2室/3室/4室/5室/建筑面积：87.7-255㎡
942,融信杭州公馆,西湖,55917,1室/3室/4室/5室/6室/建筑面积：58-274㎡
943,云栖小镇国际青年社区,西湖,31857,商业/建筑面积：35-85.34㎡
944,嘉丰万悦城,临平,21400,3室/商业/建筑面积：40-125㎡
945,余之城,临平,28500,建筑面积：281715㎡
946,东方君悦,上城,76561,商业/建筑面积：62-180㎡
947,越秀星汇尚城,余杭,48992,2室/3室/4室/建筑面积：75-129㎡
948,绿城玉园,临平,26159,3室/4室/5室/建筑面积：138-310㎡
949,汉峰,滨江,60308,商业/建筑面积：51-99㎡
950,新华园,拱墅,61744,2室/3室/4室/建筑面积：90-215㎡
951,中旅紫金名门,西湖,48103,3室/4室/5室/建筑面积：86-187㎡
952,上实海上海,余杭,38324,3室/4室/建筑面积：110-128㎡
953,盈都江悦城,钱塘,25770,2室/3室/建筑面积：66-110㎡
954,光明尚海湾,萧山,27222,3室/4室/建筑面积：88-188㎡
955,宋都时间国际,上城,36333,商业/建筑面积：40-41㎡
956,西房余杭公馆,余杭,41750,2室/3室/4室/建筑面积：87-132㎡
957,德信郡望,杭州周边,17299,2室/3室/4室/建筑面积：70-134㎡
958,成龙官山邸,临安,17625,3室/4室/建筑面积：143-362㎡
959,盈都君悦,钱塘,26005,2室/3室/4室/建筑面积：70-130㎡
960,佳源湘湖印象,萧山,34051,3室/4室/5室/建筑面积：89-166㎡
961,新湖香格里拉蓝月春晓,余杭,22988,3室/4室/别墅/建筑面积：93-414㎡
962,北大资源颐和江南,余杭,39325,3室/4室/别墅/建筑面积：89-230㎡
963,美丽湾,杭州周边,17513,2室/3室/建筑面积：78-100㎡
964,旭辉东原吴越府,临安,18000,3室/4室/建筑面积：97-118㎡
965,名城博园,余杭,34318,1室/3室/4室/建筑面积：59-161㎡
966,置鼎明珠1号,上城,30500,商业/建筑面积：41-45㎡
967,龙湖水晶郦城,西湖,37342,3室/4室/建筑面积：89-139㎡
968,开元名郡,萧山,40924,3室/建筑面积：89-167㎡
969,铂金名筑,滨江,47980,3室/4室/建筑面积：89-160㎡
970,祥生群贤府,临平,NaN,别墅/建筑面积：116-160㎡
971,天都城滨沁公寓,临平,25050,2室/3室/建筑面积：90-115㎡
972,万科融信西雅图,西湖,NaN,3室/4室/建筑面积：89-139㎡
973,尚城墅,滨江,44885,别墅/建筑面积：88-249㎡
974,滨江铂金海岸,上城,34203,4室/5室/建筑面积：139-173㎡
975,金帝海珀,临平,25822,2室/3室/4室/建筑面积：86.82-166.31㎡
976,九龙仓碧玺,拱墅,51599,4室/建筑面积：176-270㎡
977,西溪永乐城,余杭,32800,3室/4室/商业/建筑面积：50-108㎡
978,德信早安,余杭,38873,3室/5室/建筑面积：89-137㎡
979,顺发江南丽锦,萧山,33899,3室/4室/建筑面积：103-171㎡
980,东日晴好,西湖,29775,3室/建筑面积：89-130㎡
981,千岛湖墅,淳安县,17058,别墅/建筑面积：900-985㎡
982,留香园,上城,56762,3室/4室/建筑面积：101-175㎡
983,宋都东郡国际,钱塘,28750,3室/4室/建筑面积：90-139㎡
984,迪凯运河印象,余杭,43520,商业/建筑面积：60-63㎡
985,阳光城未来悦MAX,余杭,37000,4室/建筑面积：112-160㎡
986,首开杭州金茂府,拱墅,54000,3室/4室/建筑面积：125-168㎡
987,海威新界,滨江,NaN,商业/建筑面积：40-46㎡
988,昆仑公馆,下城,59030,3室/4室/5室/建筑面积：175-400㎡
989,万科大家世纪之光,萧山,33899,3室/建筑面积：81-110㎡
990,仁合银庭,余杭,24359,2室/建筑面积：75.44-94.69㎡
991,朗诗乐府,拱墅,54746,2室/3室/4室/建筑面积：82-182㎡
992,西房拱宸外滩,临平,18000,3室/别墅/建筑面积：89-190㎡
993,融创东南海,萧山,32626,3室/4室/5室/建筑面积：78-139㎡
994,中企艮山府,上城,56797,3室/4室/5室/建筑面积：88-280㎡
995,雅居乐国际花园,余杭,44096,2室/3室/4室/建筑面积：60-127㎡
996,宝龙城市广场,钱塘,25301,商业/建筑面积：43.73-47㎡
997,保利梧桐语,上城,45681,3室/4室/5室/建筑面积：88-139㎡
998,金地西溪风华,余杭,50803,别墅/建筑面积：138-152㎡
999,佳兆业西溪璞园,余杭,58315,别墅/建筑面积：200-288㎡
1000,保利中央公馆,上城,57418,3室/4室/建筑面积：102-140㎡
1001,阳光城文澜府,拱墅,51356,建筑面积：116560㎡
1002,杭州美致生活广场,临平,19500,商业/建筑面积：30.1-90㎡
1003,莱茵知己,临平,26698,3室/别墅/建筑面积：89-265㎡
1004,融创宜和园,拱墅,54324,3室/4室/建筑面积：152-194㎡
1005,康恒悦麒美寓,上城,34203,2室/3室/4室/5室/建筑面积：85-310㎡
1006,昆盛肖邦,上城,34203,2室/3室/建筑面积：75-116㎡
1007,融信学院府,拱墅,49799,2室/3室/4室/建筑面积：78-139㎡
1008,阳光城上林湖,富阳,23864,别墅/建筑面积：140-283㎡
1009,恒大澜悦帝景湾,萧山,27222,3室/4室/5室/建筑面积：85-140㎡
1010,凯文杭庄,临平,26592,别墅/建筑面积：350-450㎡
1011,盛泰名都中心,钱塘,27262,1室/2室/3室/4室/商业/建筑面积：36.34-164㎡
1012,融创瑷颐湾,余杭,50335,3室/4室/5室/建筑面积：89-139㎡
1013,CBC时代大观,临平,25497,商业/建筑面积：37-66㎡
1014,世茂融创茂御居,滨江,49981,商业/建筑面积：37-112㎡
1015,万科未来城梦溪里,余杭,38085,3室/4室/别墅/建筑面积：89-137㎡
1016,滨江西溪之星,余杭,51950,2室/3室/4室/5室/别墅/建筑面积：74-218㎡
1017,星运丽园兰逸,临平,25050,别墅/建筑面积：400㎡
1018,赞成龙兴道一号,临平,21791,建筑面积：87904㎡
1019,复地黄龙和山,余杭,59540,3室/商业/别墅/建筑面积：45-330㎡
1020,向江来时代中心,上城,81070,商业/建筑面积：38-50㎡
1021,远景城市e谷,临平,19500,商业/建筑面积：55-113㎡
1022,汇禾领府,西湖,30933,4室/建筑面积：450-450㎡
1023,宝嘉誉府,西湖,47505,3室/4室/建筑面积：88-118㎡
1024,绿都金域东方,萧山,28765,3室/4室/建筑面积：88.63-125.76㎡
1025,新城香悦奥府,萧山,33899,3室/4室/建筑面积：89-129㎡
1026,赞成杭家,临平,23600,3室/4室/建筑面积：84.3-118.7㎡
1027,开元广场,萧山,23333,建筑面积：700000㎡
1028,融信保利创世纪,萧山,35000,3室/4室/建筑面积：109-129㎡
1029,侨福一品高尔夫公馆,杭州周边,18076,2室/3室/4室/建筑面积：87-168㎡
1030,钱塘梧桐蓝山,临平,27327,3室/4室/建筑面积：85-188㎡
1031,景瑞悦西台,拱墅,52044,3室/4室/建筑面积：90-139㎡
1032,中新御景湾,萧山,39887,2室/3室/4室/5室/建筑面积：89-189㎡
1033,浙旅德信西宸,拱墅,52781,3室/4室/建筑面积：89-113㎡
1034,首开武林8栋,上城,51523,2室/3室/4室/建筑面积：74-129㎡
1035,三盛颐景御园,余杭,39285,别墅/建筑面积：138-280㎡
1036,融信江南学府,萧山,NaN,3室/4室/5室/建筑面积：89-160㎡
1037,德信海德公园,余杭,NaN,3室/4室/建筑面积：83-125㎡
1038,阳光银泰城,下城,45852,商业/建筑面积：50-70㎡
1039,景瑞申花郡,拱墅,48303,3室/建筑面积：88-118㎡
1040,宋都东郡之星,钱塘,25770,2室/3室/建筑面积：70-90㎡
1041,运河天城国际,上城,56354,2室/3室/建筑面积：87-168㎡
1042,交通晓时代,上城,50337,2室/3室/4室/建筑面积：59-115㎡
1043,东亚新干线,上城,36333,商业/建筑面积：43-67㎡
1044,西溪阳光,余杭,32800,商业/建筑面积：71.51-90.37㎡
1045,赞成首府,临平,26688,商业/建筑面积：58-58㎡
1046,金港申悦国际,西湖,48250,商业/建筑面积：42-90.59㎡
1047,碧桂园·天麓府,萧山,27222,3室/4室/建筑面积：87-127㎡
1048,富春新天地,富阳,21642,商业/建筑面积：40-47㎡
1049,德信浙旅东宸,上城,52728,建筑面积：171315㎡
1050,和昌云潮,西湖,23000,商业/建筑面积：42-64㎡
1051,杭州滨江宝龙城,滨江,36800,商业/建筑面积：32-60㎡
1052,大美公寓,临平,25885,2室/3室/4室/建筑面积：81.76-161.08㎡
1053,合景映月台,余杭,49786,3室/4室/别墅/建筑面积：85-225㎡
1054,怡丰城,临平,25714,商业/建筑面积：39㎡
1055,融信永兴首府,萧山,41874,4室/建筑面积：126-180㎡
1056,大家金鼎府,富阳,23975,3室/4室/建筑面积：117-153㎡
1057,保利融信大国璟,萧山,48629,3室/4室/别墅/建筑面积：97-205㎡
1058,苕溪壹号,临安,22348,4室/5室/建筑面积：115-143㎡
1059,麦道大厦,临平,58424,建筑面积：26300㎡
1060,碧桂园深蓝国际,萧山,36000,商业/建筑面积：76-273㎡
1061,绿城玉兰花园,杭州周边,17984,2室/3室/建筑面积：107-162㎡
1062,绿城西溪雲庐,余杭,50590,别墅/建筑面积：184-216㎡
1063,融创杭州印,滨江,36800,商业/建筑面积：46-225㎡
1064,蓝色港湾,钱塘,18700,2室/3室/4室/建筑面积：81-135㎡
1065,融创印时代中心,萧山,21000,商业/建筑面积：53㎡
1066,西湖墅,西湖,36606,别墅/建筑面积：130-205㎡
1067,昆仑府,余杭,49816,3室/4室/5室/别墅/建筑面积：72-360㎡
1068,万科大都会79号,上城,58265,4室/建筑面积：163-196㎡
1069,绿都御景蓝湾,萧山,25356,3室/建筑面积：79-118㎡
1070,郡望府,萧山,31990,3室/4室/建筑面积：90-90㎡
1071,远洋西溪公馆,余杭,48987,2室/3室/4室/别墅/建筑面积：85-342㎡
1072,义桥星天地,萧山,25613,商业/建筑面积：36-82㎡
1073,聚望名座,萧山,29008,建筑面积：276-345㎡
1074,万科金辰之光,萧山,53188,3室/4室/建筑面积：79-128㎡
1075,滨江春盛大江名筑,钱塘,18700,4室/5室/别墅/建筑面积：143-250㎡
1076,德信大江源著,钱塘,18700,3室/4室/建筑面积：89-139㎡
1077,远洋雁归里,萧山,27621,3室/4室/别墅/建筑面积：89-180㎡
1078,临平芳满庭,临平,24000,1室/2室/3室/建筑面积：25-127㎡
1079,金满府,萧山,23196,3室/4室/建筑面积：88-135㎡
1080,千岛湖柏润国际花园,淳安县,13127,1室/2室/3室/4室/建筑面积：44.47-169.1㎡
1081,蓝色嘉园,萧山,17260,2室/3室/建筑面积：60-88㎡
1082,宋都晨光国际,钱塘,24947,3室/4室/建筑面积：134-186㎡
1083,赞成赞城,余杭,34038,3室/4室/建筑面积：88-117㎡
1084,阳光城翡丽公园,萧山,35004,3室/4室/建筑面积：89-108㎡
1085,运河协安蓝郡,西湖,41254,2室/3室/4室/建筑面积：90-173㎡
1086,浙商开元名都祺寓,临平,26839,商业/建筑面积：50.68-94.83㎡
1087,明华名港城二期,萧山,17260,3室/4室/建筑面积：92-160㎡
1088,爱尚里,西湖,30933,商业/建筑面积：37-92㎡
1089,北湖绿洲花园,余杭,34166,2室/3室/4室/建筑面积：81-146㎡
1090,新时代城市家园,余杭,43941,2室/3室/建筑面积：80-128㎡
1091,百家乐西园,余杭,51544,别墅/建筑面积：312-480㎡
1092,金辉贤林信步,余杭,23000,建筑面积：81857㎡
1093,坤大玉龙湾,钱塘,18700,3室/4室/建筑面积：83-113㎡
1094,华源天盛中心,临平,24452,2室/3室/建筑面积：86-139㎡
1095,中国铁建西湖国际城,西湖,38760,3室/4室/建筑面积：89-138㎡
1096,中和北宸府,临平,23600,3室/建筑面积：87.36-117.09㎡
1097,东方一号,萧山,33899,3室/4室/建筑面积：86-173㎡
1098,融创金成英特学府,余杭,42269,别墅/建筑面积：171-183㎡
1099,金都西花庭,余杭,42730,2室/3室/4室/6室/建筑面积：82-166㎡
1100,金隅空港公馆,钱塘,27983,商业/建筑面积：52-55㎡
1101,绿城千岛湖度假公寓,淳安县,13127,1室/2室/4室/建筑面积：67-259㎡
1102,岛上锦源,临安,20025,别墅/建筑面积：457.4-665.92㎡
1103,杭州未来广场,余杭,49735,商业/建筑面积：33-68㎡
1104,文居学府,富阳,23975,3室/4室/建筑面积：83-103㎡
1105,金地大运河府,拱墅,50055,4室/别墅/建筑面积：103-151㎡
1106,绿城凤起潮鸣,拱墅,66925,建筑面积：112860㎡
1107,富春和园,杭州周边,21642,3室/4室/5室/建筑面积：137-235㎡
1108,麒麟山庄,临安,19895,别墅/建筑面积：771-1096㎡
1109,大奇山郡,桐庐县,16834,别墅/建筑面积：496-550㎡
1110,天地墅园,萧山,800,别墅/建筑面积：194-260㎡
1111,蓝色春江,桐庐县,16600,3室/4室/建筑面积：140-220㎡
1112,琅琴湾,钱塘,18700,3室/4室/建筑面积：89-138㎡
1113,富力西溪悦墅,余杭,51700,别墅/建筑面积：139-139㎡
1114,金地湖城大境,杭州周边,18008,2室/4室/建筑面积：86-140㎡
1115,创客空间,余杭,47963,商业/建筑面积：44-46㎡
1116,南润名座,萧山,25000,商业/建筑面积：16-135㎡
1117,天阳武林邸,拱墅,53457,3室/4室/建筑面积：110-135㎡
1118,碧桂园珑悦,萧山,33899,3室/4室/建筑面积：118-139㎡
1119,建境巧克力公馆,萧山,28882,商业/建筑面积：45-132㎡
1120,金隅观澜时代,钱塘,34623,1室/2室/3室/4室/建筑面积：84-272㎡
1121,德信英溪大院,杭州周边,16239,3室/4室/别墅/建筑面积：120-200㎡
1122,水岸瑶琳,桐庐县,24360,3室/4室/建筑面积：90-138㎡
1123,金色和庄,钱塘,18700,3室/4室/建筑面积：88-89㎡
1124,金城华府,杭州周边,17918,2室/3室/4室/建筑面积：95-188㎡
1125,天都城天熙公馆,临平,25050,4室/5室/建筑面积：195-249㎡
1126,公园城,杭州周边,17465,3室/建筑面积：109-143㎡
1127,西墅绿洲,杭州周边,18042,1室/2室/3室/4室/建筑面积：65-135㎡
1128,旭辉中粮朗香郡,临安,21815,3室/4室/建筑面积：98-143㎡
1129,郡原九润公寓,上城,34203,3室/4室/建筑面积：89-169㎡
1130,保利唐宁十号府,钱塘,26180,别墅/建筑面积：300㎡
1131,赞成个墅,余杭,44096,别墅/建筑面积：240-240㎡
1132,西溪泊岸,余杭,32800,商业/建筑面积：48-58㎡
1133,华景川玉兰花园,杭州周边,17500,3室/建筑面积：75-89㎡
1134,汇宇和庭,萧山,27222,3室/别墅/建筑面积：90-221㎡
1135,经纬美耀湾,临平,27542,别墅/建筑面积：179-280㎡
1136,江山御墅,桐庐县,16379,3室/4室/别墅/建筑面积：118-517㎡
1137,金色时代,杭州周边,17435,3室/建筑面积：93-132㎡
1138,宋都橄榄墅,钱塘,25770,建筑面积：150000㎡
1139,华立永通逸城,杭州周边,31762,别墅/建筑面积：207-240㎡
1140,众安白马山庄,余杭,38111,2室/别墅/建筑面积：88-217㎡
1141,云都凤凰城,桐庐县,16925,2室/3室/4室/建筑面积：88-210㎡
1142,C·C·TOWN西溪堂,余杭,48760,商业/建筑面积：440㎡
1143,百骊府,杭州周边,17435,5室/建筑面积：192㎡
1144,远顺星公馆,临平,19500,商业/建筑面积：54㎡
1145,顺发一品江山,桐庐县,16925,3室/建筑面积：189-228㎡
1146,天珀府,临平,28000,3室/4室/建筑面积：89-137㎡
1147,中赢云际,滨江,40000,建筑面积：45㎡
1148,南洋名都,临安,17743,3室/建筑面积：127㎡
1149,黄龙御玺,萧山,42667,商业/建筑面积：88.42-109.68㎡
1150,光明逸品春江,富阳,25021,3室/建筑面积：96-101㎡
1151,绿城乌镇雅园,杭州周边,16216,1室/2室/3室/建筑面积：56-140㎡
1152,临江时代花苑,钱塘,18700,3室/4室/建筑面积：126-139㎡
1153,远邦嘉裕天城,萧山,17260,建筑面积：138200㎡
1154,恒鑫贤明府,杭州周边,11070,3室/建筑面积：115㎡
1155,通和十二橡树,临平,27242,别墅/建筑面积：200-260㎡
1156,半岛国际·半岛壹号,滨江,66145,2室/3室/4室/建筑面积：76-317㎡
1157,万科璞悦湾,滨江,38000,2室/3室/4室/建筑面积：90-130㎡
1158,朗诗未来街区,临平,21400,2室/3室/建筑面积：68-114㎡
1159,滨江万家名城,余杭,46887,3室/4室/建筑面积：89-139㎡
1160,保利东湾,钱塘,32126,2室/3室/4室/建筑面积：77-212㎡
1161,绿都金域兰庭,萧山,25356,2室/3室/建筑面积：85-128㎡
1162,绿城蘭园,下城,57633,2室/3室/4室/商业/建筑面积：74-207㎡
1163,东方一品,萧山,48967,3室/4室/5室/建筑面积：160-270㎡
1164,新城山语院,临平,21400,2室/3室/4室/建筑面积：70-138㎡
1165,中天西城纪,西湖,52834,商业/建筑面积：33-65㎡
1166,天乐浅隐山,萧山,15631,2室/3室/别墅/建筑面积：89-423㎡
1167,绿城丽江公寓,上城,34203,2室/3室/4室/建筑面积：85-198㎡
1168,中交悦西溪,余杭,50803,3室/4室/别墅/建筑面积：90-244㎡
1169,朗诗田园绿郡,拱墅,36615,2室/3室/4室/建筑面积：88-199㎡
1170,西溪蝶园,西湖,50703,1室/3室/4室/建筑面积：53-253㎡
1171,嘉凯城名城公馆,拱墅,51937,3室/4室/5室/别墅/建筑面积：122-320㎡
1172,融信蓝孔雀,拱墅,49817,2室/3室/建筑面积：72-107㎡
1173,玲珑府?叮当,滨江,36800,商业/建筑面积：47-47㎡
1174,滨江·金色黎明,上城,52306,3室/4室/建筑面积：87-173㎡
1175,望江府,上城,68555,3室/4室/建筑面积：89-185㎡
1176,玲珑府,滨江,53646,3室/5室/建筑面积：76-115㎡
1177,大家运河之星,拱墅,35109,3室/建筑面积：80-89㎡
1178,保亿丽景山,余杭,44156,3室/建筑面积：89-130㎡
1179,万科公园大道,上城,51484,3室/建筑面积：90-132㎡
1180,和达东东城,钱塘,28896,1室/2室/建筑面积：36-61㎡
1181,盛奥西溪铭座,余杭,48187,商业/建筑面积：45-177㎡
1182,同人精华大厦,西湖,51000,商业/建筑面积：30.79-53.06㎡
1183,南北乐章,余杭,36198,2室/3室/4室/建筑面积：75-119㎡
1184,滨江钱塘印象,上城,69241,3室/4室/建筑面积：166-259㎡
1185,耀达金鼎阳光,余杭,24359,3室/4室/建筑面积：83-109㎡
1186,华鼎君临天下城,临平,21400,1室/建筑面积：53-55㎡
1187,泊悦府,余杭,44148,3室/建筑面积：88-150㎡
1188,名城湖左岸,钱塘,32500,3室/4室/5室/建筑面积：89-139㎡
1189,天翔憬天国际,萧山,27222,1室/建筑面积：43-56㎡
1190,和达城,钱塘,28750,2室/3室/4室/商业/建筑面积：40-139㎡
1191,滨江紫金府,西湖,50852,3室/4室/别墅/建筑面积：89-330㎡
1192,华门新西湖小镇,余杭,40564,2室/3室/建筑面积：74-137.24㎡
1193,华元爱丁郡,余杭,52911,2室/3室/4室/建筑面积：89-163㎡
1194,嘉里桦枫居,下城,40152,2室/3室/4室/建筑面积：84-139㎡
1195,润和西溪郡,余杭,52212,3室/5室/别墅/建筑面积：88.67-380㎡
1196,中豪七格,钱塘,30871,商业/建筑面积：45-50㎡
1197,原筑壹号,上城,50056,1室/2室/建筑面积：74-81㎡
1198,海威国际,滨江,62042,4室/建筑面积：159.46-171.25㎡
1199,中粮云涛名苑,萧山,24377,2室/3室/5室/建筑面积：86-265㎡
1200,云都美浓小镇,萧山,14979,2室/4室/别墅/建筑面积：59-330㎡
1201,远洋擎峯,拱墅,54360,商业/建筑面积：46-90㎡
1202,江南铭庭,滨江,47129,2室/3室/建筑面积：89-139㎡
1203,冠宇隽园,上城,30900,2室/3室/建筑面积：80-135㎡
1204,天邑国际,拱墅,52521,1室/建筑面积：40.12-83.8㎡
1205,宜家时代,拱墅,52317,1室/2室/建筑面积：43.45-87.39㎡
1206,滨江金色江南,萧山,33899,3室/4室/建筑面积：89-125㎡
1207,桔子里,西湖,30933,商业/建筑面积：42-50㎡
1208,Yhome公寓,余杭,25713,1室/建筑面积：50-50㎡
1209,中海西溪华府,西湖,49688,2室/3室/建筑面积：90-90㎡
1210,越秀星汇悦城,余杭,38688,3室/4室/建筑面积：85-115㎡
1211,野风珑园,临平,28500,3室/4室/建筑面积：89-139.81㎡
1212,城建锦昌年华,临平,23600,2室/3室/4室/建筑面积：63-152㎡
1213,大家之江悦,西湖,29775,2室/3室/4室/建筑面积：89-186㎡
1214,德信北海公园,拱墅,50272,2室/3室/4室/建筑面积：72-139㎡
1215,五月花城,临平,25050,2室/3室/5室/建筑面积：89.77-239㎡
1216,江南明城金座,萧山,43250,商业/建筑面积：36-117㎡
1217,中港金岸提香,余杭,38873,2室/3室/建筑面积：72-128㎡
1218,雅戈尔御西湖,西湖,58249,2室/3室/4室/建筑面积：90-189㎡
1219,东和云第,滨江,38000,3室/4室/建筑面积：85-165㎡
1220,云厦连园,滨江,54380,3室/4室/建筑面积：89-138㎡
1221,禧福汇,上城,34203,1室/2室/3室/建筑面积：36.4-100.12㎡
1222,绿城巧园,滨江,38000,2室/3室/建筑面积：89-135㎡
1223,伟邦江南名都,桐庐县,16925,3室/4室/建筑面积：89.47-123.39㎡
1224,华联钱塘公馆,上城,76561,建筑面积：62365㎡
1225,富力西溪悦居,余杭,48249,3室/4室/建筑面积：89-139㎡
1226,财富之星,杭州周边,13291,商业/建筑面积：36-36㎡
1227,凯德龙湾,拱墅,52267,3室/4室/5室/建筑面积：160-300㎡
1228,钱塘梧桐燕庐,西湖,29775,2室/4室/别墅/建筑面积：86-350㎡
1229,广大逸品,临平,24140,2室/3室/4室/6室/建筑面积：89-240㎡
1230,野风春晓,杭州周边,23864,2室/建筑面积：60-74㎡
1231,野风秋雅,杭州周边,23864,2室/3室/4室/建筑面积：65-125㎡
1232,绿城财通中心,钱塘,32500,1室/2室/建筑面积：42-106㎡
1233,江湾绿苑,萧山,17260,2室/3室/4室/别墅/建筑面积：84-288㎡
1234,西墅锦园,杭州周边,17498,2室/3室/4室/建筑面积：93.6-137㎡
1235,华润翠庭,下城,44394,3室/建筑面积：89-130㎡
1236,集美岸上蓝山,余杭,48596,2室/3室/4室/建筑面积：87.89-142㎡
1237,金溪园,杭州周边,17498,2室/3室/4室/建筑面积：87.6-156.2㎡
1238,青山湖81号,杭州周边,20362,1室/2室/3室/4室/5室/建筑面积：371.54-409.45㎡
1239,恒安名座,萧山,42414,1室/2室/建筑面积：45-87㎡
1240,中粮晓悦公馆,拱墅,52691,1室/2室/建筑面积：42-88㎡
1241,天乐云都,萧山,15631,2室/3室/建筑面积：89-423㎡
1242,理想四维理想家园,临平,23419,3室/4室/建筑面积：122-174㎡
1243,万均九月庭院,上城,34203,2室/3室/6室/建筑面积：117-134㎡
1244,中兴和园,滨江,50846,3室/5室/建筑面积：127.73-219.54㎡
1245,滨江花园,桐庐县,16925,2室/3室/建筑面积：100-134㎡
1246,杭州来福士广场,上城,81070,建筑面积：384868㎡
1247,湖漫雅筑,滨江,43630,3室/4室/建筑面积：89.04-133.74㎡
1248,檀溪别墅,杭州周边,18106,4室/别墅/建筑面积：270-465㎡
1249,武林华府,拱墅,60705,2室/3室/建筑面积：73.21-122㎡
1250,元丰庆春御府,上城,67798,3室/4室/建筑面积：170-250㎡
1251,玉榕庄,余杭,44414,6室/别墅/建筑面积：300-395㎡
1252,星桥桂花城,临平,25050,2室/3室/建筑面积：75-151㎡
1253,复地又一城,临平,29996,2室/3室/4室/建筑面积：76.55-138.97㎡
1254,嘉信九悦印象,临平,21400,2室/3室/4室/建筑面积：80-250㎡
1255,水乡华庭,临平,23478,2室/3室/4室/建筑面积：82-182㎡
1256,林之语,萧山,33899,2室/3室/建筑面积：73-137㎡
1257,申瑞国际,拱墅,50491,1室/2室/3室/建筑面积：49-86㎡
1258,秀水山居,杭州周边,24360,别墅/建筑面积：350㎡
1259,远洋心里,上城,47954,2室/3室/建筑面积：90-120㎡
1260,万马樱花雅苑,杭州周边,17688,2室/3室/建筑面积：91-117㎡
1261,万银国际,上城,63785,1室/建筑面积：53-70㎡
1262,坤和求是里,西湖,58329,3室/4室/建筑面积：89-138㎡
1263,中意名仕苑,临平,26034,2室/3室/5室/建筑面积：88-230㎡
1264,万盛商贸城公寓,临平,21400,2室/建筑面积：50㎡
1265,广业金禾嘉园,杭州周边,17615,3室/建筑面积：88㎡
1266,双溪竹海雅苑,余杭,22197,3室/建筑面积：89㎡
1267,英冠水天城,萧山,33899,商业/建筑面积：440-440㎡
1268,东城印象,上城,57483,2室/3室/4室/建筑面积：88.62-164.77㎡
1269,嘉威江南水乡,桐庐县,16925,2室/3室/4室/5室/6室/建筑面积：81-256.24㎡
1270,华盛达堂巢,余杭,32800,商业/建筑面积：40.8-92.4㎡
1271,公元名家,杭州周边,21642,2室/3室/4室/建筑面积：85-180㎡
1272,鸿茂八墅OCTVILLAS,富阳,31762,建筑面积：270000㎡
1273,麦佳汇电子商务园,余杭,48494,1室/建筑面积：42.9-51.77㎡
1274,江盛江南岸,钱塘,18700,3室/4室/建筑面积：89-158㎡
1275,华业南岸晶都,滨江,52246,4室/5室/6室/建筑面积：209-263㎡
1276,高尔夫小镇,西湖,37468,建筑面积：24464㎡
1277,云溪竹境,临安,21917,建筑面积：128196㎡
1278,众安恒隆广场,萧山,46134,建筑面积：140000㎡
1279,紫金梦想广场,西湖,30933,建筑面积：50000㎡
1280,璞玉公馆,上城,31500,建筑面积：350000㎡
1281,万诚凰庭,萧山,14787,建筑面积：113358㎡
1282,树兰昆源项目,临平,23967,建筑面积：99554㎡
1283,孔雀城京杭上宸,杭州周边,15816,建筑面积：150000㎡
1284,乐汇城,富阳,21642,建筑面积：102000㎡
1285,世纪晶钻,萧山,54393,建筑面积：61390㎡
1286,杭州新天地写字楼,拱墅,46179,建筑面积：3900-3900㎡
1287,EFC欧美金融城,余杭,49701,建筑面积：2220-3799㎡
1288,金久城市花园,桐庐县,15555,建筑面积：144289㎡
1289,运河财富壹号,拱墅,25000,建筑面积：23824㎡
1290,钱塘汇银中心,余杭,48249,建筑面积：670㎡
1291,糖朝写字楼,萧山,46567,建筑面积：38.79-62.67㎡
1292,华成天地墅园,萧山,34338,建筑面积：63105㎡
1293,润和亿城嘉园,下城,43138,建筑面积：100000㎡
1294,临平华都广场,临平,26164,建筑面积：324-456㎡
1295,红街广场,上城,34203,建筑面积：80000㎡
1296,新农都永泰名苑,萧山,51302,建筑面积：500000㎡
1297,金禾嘉园,杭州周边,17615,建筑面积：47806㎡
1298,吴越山庄,杭州周边,17957,建筑面积：150000㎡
1299,凯旋公馆,桐庐县,15700,建筑面积：24000㎡
1300,天悦时代,拱墅,44000,建筑面积：30000㎡
1301,东方世贸城,萧山,38850,建筑面积：100188㎡
1302,德信滨海广场,杭州周边,10650,建筑面积：43063㎡
1303,绿城元福里,上城,75163,建筑面积：24986㎡
1304,金水湾茗苑,桐庐县,11875,建筑面积：19330㎡
1305,义蓬购物中心商铺,钱塘,24341,建筑面积：87854㎡
1306,赞成中心,上城,5,建筑面积：89812㎡
1307,金顺锦绣时代中心,余杭,42227,建筑面积：93152㎡
1308,恒生科技园,余杭,49701,建筑面积：234000㎡
1309,西溪新城市,余杭,26250,建筑面积：82882㎡
1310,华润万象汇,萧山,46126,建筑面积：320000㎡
1311,杭州港龙城,上城,54796,建筑面积：250000㎡
1312,华联星光时代,滨江,61894,建筑面积：220000㎡
1313,天达广场,上城,52115,建筑面积：99722㎡
1314,合诚之江商务中心,西湖,36502,建筑面积：45798㎡
1315,空港新天地商铺,萧山,18127,建筑面积：200000㎡
1316,大象国际中心,萧山,36000,建筑面积：92941㎡
1317,国泰科技大厦,萧山,36000,建筑面积：60000㎡
1318,凯达商务大厦,上城,71599,建筑面积：47315㎡
1319,智格新城星座,钱塘,33167,建筑面积：60000㎡
1320,西溪谷国际商务中心,余杭,26250,建筑面积：80000㎡
1321,西溪壹号,余杭,26250,建筑面积：93455㎡
1322,浙江财富金融中心,上城,66708,建筑面积：210000㎡
1323,华宁泰富,上城,43563,建筑面积：28615㎡
1324,六和云,西湖,36106,建筑面积：72854㎡
1325,原筑壹号写字楼,上城,47986,建筑面积：200000㎡
1326,杭州新世纪广场,临平,26318,建筑面积：43241㎡
1327,望翠蓝庭,西湖,58600,4室/5室/建筑面积：175-235㎡
1328,深圳特发澜栖府,拱墅,36000,3室/4室/建筑面积：108-168㎡
1329,星创城,余杭,29000,3室/4室/建筑面积：102-133㎡
1330,绿城·燕语春风居,钱塘,30500,3室/4室/建筑面积：105-138㎡
1331,保利都和轩,拱墅,33000,3室/4室/建筑面积：100-148㎡
1332,绿城华润晓月映翠,滨江,51500,3室/4室/建筑面积：108-173㎡
1333,合景揽月臻翠府,上城,40800,3室/4室/建筑面积：105-139㎡
1334,首创禧瑞江南,临平,26600,3室/4室/别墅/建筑面积：93-159㎡
1335,赞成星谷,拱墅,22000,商业/建筑面积：41-64㎡
1336,中天云望,萧山,840,3室/4室/别墅/建筑面积：100-168㎡
1337,观棠明月府,临平,21000,3室/4室/别墅/建筑面积：95-185㎡
1338,碧桂园招商珺悦家园,淳安县,14800,3室/4室/建筑面积：89-138㎡
1339,绿城交投汀岸晓庐,余杭,42520,4室/5室/建筑面积：175-199㎡
1340,滨江运翠轩,余杭,31200,3室/4室/建筑面积：100-139㎡
1341,新世界·城市艺术中心,上城,70307,3室/4室/5室/建筑面积：116-224㎡
1342,融创杭望云潮城,钱塘,30000,3室/4室/建筑面积：105-142㎡
1343,滨江·揽奥望座,萧山,46000,建筑面积：108286㎡
1344,君望花苑,富阳,429,3室/4室/别墅/建筑面积：98-180㎡
1345,杭州大悦城,拱墅,30000,建筑面积：2150㎡
1346,港印中心商铺,萧山,35000,建筑面积：80651㎡
1347,滨江·枫汀云邸,余杭,36100,4室/5室/建筑面积：172-253㎡
1348,绿城春知海棠苑,余杭,31200,3室/4室/5室/建筑面积：111-162㎡
1349,沐春明月,上城,31500,3室/4室/建筑面积：109-145㎡
1350,德信银城观湖之宸,临平,30000,3室/4室/建筑面积：89-118㎡
1351,滨江兴耀滨耀学府,滨江,38000,3室/4室/建筑面积：97-118㎡
1352,溪谷岚湾,余杭,20800,3室/4室/别墅/建筑面积：97-170㎡
1353,上海大华潮悦前城,钱塘,18700,3室/4室/建筑面积：89-117㎡
1354,华元北城芳满庭,余杭,473,3室/4室/别墅/建筑面积：89-240㎡
1355,和雅轩,萧山,34075,3室/4室/5室/建筑面积：96-177㎡
1356,顺发美颂城,萧山,33500,3室/4室/建筑面积：98-119㎡
1357,滨耀城住宅已售罄,临平,28000,3室/4室/建筑面积：96-149㎡
1358,水悦花园,临安,17500,3室/4室/建筑面积：115-165㎡
1359,远洋建华宸章新邸,拱墅,44582,3室/建筑面积：113-127㎡
1360,雅棠轩,萧山,30000,4室/建筑面积：130-139㎡
1361,万城杭安府,杭州周边,17800,2室/3室/4室/建筑面积：73-120㎡
1362,三迪?枫丹雅居,钱塘,14600,3室/建筑面积：95-117㎡
1363,东傲城（住宅）,钱塘,18000,3室/4室/建筑面积：89-119㎡
1364,中交悦美庐,临平,24800,3室/4室/别墅/建筑面积：88-162㎡
1365,三湘印象森林海尚,上城,53343,3室/4室/建筑面积：111-139㎡
1366,上塘源著,临平,21000,3室/4室/建筑面积：89-147㎡
1367,合生创展名邸,上城,33400,3室/4室/建筑面积：89-139㎡
1368,美晟府,临安,17544,3室/4室/建筑面积：97-139㎡
1369,坤和融创开元望金沙,钱塘,41800,3室/4室/建筑面积：101-139㎡
1370,锦上桃源公寓,拱墅,35000,商业/建筑面积：41-41㎡
1371,富景都会,富阳,23975,3室/4室/建筑面积：95-135㎡
1372,保亿麓语湖苑,临安,17000,3室/4室/建筑面积：85-127㎡
1373,宝龙融信新世邸,临安,20880,3室/4室/建筑面积：89-120㎡
1374,时代滨江丹枫四季院,滨江,50105,4室/建筑面积：165-185㎡
1375,佳兆业德信云望璞园,富阳,18100,3室/4室/建筑面积：95-123㎡
1376,华景川樾滨府,萧山,13000,3室/4室/建筑面积：86-113㎡
1377,长麓府,临安,21917,2室/3室/建筑面积：77-99㎡
1378,时代公馆,萧山,21500,3室/4室/建筑面积：89-300㎡
1379,融信远洋厘望NEO1,拱墅,56000,4室/别墅/建筑面积：136-247㎡
1380,仁恒祥生珊瑚世纪雅园,西湖,36773,3室/4室/建筑面积：105-145㎡
1381,绿城华景川蘭园,杭州周边,17716,3室/4室/建筑面积：89-182㎡
1382,月塘璟宸府,上城,42000,4室/别墅/建筑面积：139-174㎡
1383,临安宝龙广场,临安,18000,3室/4室/建筑面积：95-128㎡
1384,融创望潮印Ⅰ期公寓,萧山,26500,商业/建筑面积：34-46㎡
1385,兴耀星漫里,萧山,49200,3室/4室/建筑面积：96-118㎡
1386,中旅归锦府,上城,46500,3室/4室/建筑面积：97-139㎡
1387,杭州融创城,钱塘,24860,3室/4室/别墅/建筑面积：98-220㎡
1388,德信大家运河云庄,余杭,45291,3室/4室/别墅/建筑面积：99-175㎡
1389,滨江翠堤春华轩,萧山,33950,3室/4室/建筑面积：104-139㎡
1390,首开东城金茂府,上城,50000,4室/建筑面积：147-165㎡
1391,滨江碧桂园卧城印象,萧山,39607,3室/4室/别墅/建筑面积：89-199㎡
1392,潮启公寓,杭州周边,17193,3室/4室/建筑面积：84-120㎡
1393,天阅云合源公寓住宅,拱墅,32333,3室/4室/建筑面积：92-145㎡
1394,侨福明园,临平,21400,3室/4室/建筑面积：98-129㎡
1395,滨江金地御品,上城,69800,3室/4室/建筑面积：119-169㎡
1396,新希望滨江锦粼府,萧山,43969,3室/4室/建筑面积：89-126㎡
1397,天阳蓝光蔚蓝,临安,21815,3室/4室/建筑面积：98-129㎡
1398,保利融信和光尘樾,余杭,25713,3室/4室/建筑面积：89-116㎡
1399,德信碧桂园印江南,萧山,27222,1室/3室/建筑面积：47-90㎡
1400,中尚汇府住宅,拱墅,42000,2室/建筑面积：36-40㎡
1401,万科西望,临安,17665,3室/4室/别墅/建筑面积：102-185㎡
1402,蓝城春风燕语,临安,20394,别墅/建筑面积：148-200㎡
1403,天都城沁源公寓,临平,25050,2室/3室/建筑面积：90-115㎡
1404,新湖菲林山,余杭,44399,别墅/建筑面积：220-300㎡
1405,融信旭辉湖悦章府,萧山,34303,3室/4室/别墅/建筑面积：96-162㎡
1406,天阳云栖梅林,桐庐县,20000,3室/4室/别墅/建筑面积：89-177㎡
1407,中海黄龙云起住宅,西湖,68000,4室/建筑面积：139㎡
1408,龙湖春江天越,钱塘,30000,3室/4室/5室/建筑面积：89-167㎡
1409,世茂璀璨澜庭,余杭,39648,3室/4室/建筑面积：97-132㎡
1410,新越锦宸名邸,萧山,37500,3室/4室/建筑面积：95-129㎡
1411,宋都相贤府,钱塘,21098,3室/4室/别墅/建筑面积：89-158㎡
1412,滨江江南名府,萧山,45900,3室/4室/建筑面积：90-115㎡
1413,悦风华,上城,47000,3室/4室/建筑面积：97-125㎡
1414,九天泽一公寓,上城,32000,商业/建筑面积：34-47㎡
1415,保利潮和阅江台轩,拱墅,33000,3室/建筑面积：95-105㎡
1416,未来旭辉城,临安,21815,3室/建筑面积：89-96㎡
1417,中天万科启宸,临安,22348,3室/建筑面积：97-100㎡
1418,广宇锦上文澜,钱塘,28750,3室/建筑面积：89-89㎡
1419,望庐公寓,拱墅,NaN,建筑面积：61495㎡
1420,星创新里程,余杭,35500,商业/建筑面积：37-39㎡
1421,富力湖滨悦居,淳安县,20000,2室/3室/4室/建筑面积：60-138㎡
1422,众安绿城南湖明月,余杭,26000,3室/4室/建筑面积：84-143㎡
1423,滨江滨涛映月,萧山,37500,3室/4室/建筑面积：106.31-137㎡
1424,天珏华庭,拱墅,55143,3室/4室/5室/6室/别墅/建筑面积：137.59-279㎡
1425,永华春语蓝庭,拱墅,39201,3室/4室/建筑面积：98-139㎡
1426,金科博翠碧蓝湾,上城,55669,3室/4室/别墅/建筑面积：110-195㎡
1427,明石东潮府住宅,上城,53562,3室/4室/5室/别墅/建筑面积：97-220㎡
1428,祥生云境,西湖,39000,3室/4室/别墅/建筑面积：110-182㎡
1429,航行前宸湾,余杭,30500,3室/4室/建筑面积：99-139㎡
1430,坤生栖悦公寓,西湖,32500,商业/建筑面积：27-34㎡
1431,佳源优樾,临安,21917,3室/4室/建筑面积：89-132㎡
1432,岸上蓝山公寓,余杭,39000,别墅/建筑面积：137-191㎡
1433,昱泊名府,萧山,31000,3室/4室/5室/别墅/建筑面积：89-185㎡
1434,中南棠玥湾,上城,52394,3室/4室/建筑面积：117-164㎡
1435,未来云帆城,钱塘,19300,3室/4室/建筑面积：98.79-129.75㎡
1436,青山湖玫瑰园,临安,20239,别墅/建筑面积：210-260㎡
1437,中梁云都汇中心,西湖,33735,3室/建筑面积：89-89㎡
1438,龙湖江与城,钱塘,NaN,3室/4室/建筑面积：89-139㎡
1439,中梁申花百悦公馆,拱墅,44000,商业/建筑面积：36-36㎡
1440,华景川碧海辰园,杭州周边,17193,3室/别墅/建筑面积：89-159㎡
1441,印澜府,萧山,27000,商业/建筑面积：47㎡
1442,绿都鉴未来,余杭,40198,3室/4室/建筑面积：89-120㎡
1443,古翠蓝庭,西湖,54297,3室/4室/5室/6室/建筑面积：106-179㎡
1444,苕溪学府,临安,21917,1室/2室/建筑面积：41-47㎡
1445,碧桂园中梁凤鸣公馆,临安,21917,4室/建筑面积：118-139㎡
1446,滨江御江南,萧山,37500,3室/4室/建筑面积：89-128㎡
1447,星央悦府,钱塘,18700,4室/建筑面积：111-129㎡
1448,时代滨江悦,滨江,51249,4室/建筑面积：128-139㎡
1449,杭房建发养云静舍,拱墅,52331,3室/4室/建筑面积：119-139㎡
1450,凤玺云著府,余杭,44371,3室/4室/建筑面积：95-129㎡
1451,新城璟隽名邸公寓,萧山,42640,商业/建筑面积：30-40㎡
1452,招商雍澜府,临平,22615,3室/4室/建筑面积：95-128㎡
1453,滨江星翠澜庭,萧山,33899,3室/4室/建筑面积：108-139㎡
1454,前湾江上湾,萧山,30000,3室/4室/建筑面积：105-190㎡
1455,春月锦庐,拱墅,53206,3室/4室/建筑面积：110-154㎡
1456,滨江君品名邸,萧山,60000,3室/4室/5室/建筑面积：103-172㎡
1457,河语光年府,拱墅,38000,3室/4室/建筑面积：108-165.05㎡
1458,领航城公寓,萧山,35000,商业/建筑面积：37-53㎡
1459,万科湖印光年府,钱塘,30000,3室/4室/建筑面积：105-139㎡
1460,未来七彩小镇,余杭,43471,商业/建筑面积：59㎡
1461,德信杭州ONE,余杭,24000,商业/建筑面积：40㎡
1462,滨江东原拥翠府,萧山,42000,3室/4室/建筑面积：95-125㎡
1463,桐庐绿尚春江城堡,桐庐县,14288,别墅/建筑面积：150㎡
1464,远洋路劲上河宸章,临平,23600,3室/4室/建筑面积：88-118㎡
1465,大家金钰府,富阳,21116,4室/建筑面积：113-119㎡
1466,万固珺府,钱塘,18000,3室/4室/建筑面积：89-137㎡
1467,荣盛檀越府,临安,21000,3室/4室/建筑面积：98-116㎡
1468,龙湖武林上城,上城,35000,3室/4室/建筑面积：89-139㎡
1469,金成祥新潮塘轩,钱塘,19800,3室/4室/建筑面积：98.41-118.08㎡
1470,花样年对越天,上城,54630,3室/建筑面积：89-115㎡
1471,招商闻博花城,萧山,42000,3室/4室/别墅/建筑面积：108-167㎡
1472,杭州富力中心,余杭,36100,3室/4室/建筑面积：131-160㎡
1473,浅隐云庐,临安,220,别墅/建筑面积：134-208㎡
1474,绿城天语山居,临安,22348,3室/4室/建筑面积：101-139㎡
1475,碧桂园十里春风,桐庐县,18000,3室/4室/建筑面积：109-160㎡
1476,绿城沁桂轩,萧山,37500,3室/4室/建筑面积：105.56-168㎡
1477,阳光城拱宸府,拱墅,50000,3室/建筑面积：169-210㎡
1478,绿都东澜府,临平,23000,3室/4室/建筑面积：89-115㎡
1479,保利天汇,滨江,51500,3室/建筑面积：98㎡
1480,格林公馆,上城,72592,商业/建筑面积：43-77㎡
1481,蓝城陶然里公寓,西湖,41200,商业/建筑面积：56-84㎡
1482,畅想江澜湾,萧山,57499,3室/4室/5室/建筑面积：107-236㎡
1483,古墩彩虹轩,西湖,28100,3室/建筑面积：89-114㎡
1484,宋都麓宸府,富阳,NaN,4室/建筑面积：140㎡
1485,金宸金座,临平,12000,商业/建筑面积：57㎡
1486,融信大发弘阳沁澜,余杭,35391,3室/4室/5室/建筑面积：96-165㎡
1487,仁恒滨江园,上城,80000,4室/建筑面积：170-190㎡
1488,星创晶晖里,拱墅,45646,3室/4室/建筑面积：103-120㎡
1489,建发书香印翠,西湖,58000,3室/4室/建筑面积：102-163.73㎡
1490,励骏花园,桐庐县,16925,3室/4室/建筑面积：143-210㎡
1491,江和城臻园,建德市,14660,4室/建筑面积：138㎡
1492,臻源锦宁里,萧山,45683,3室/4室/建筑面积：107-131㎡
1493,玲珑天城,临安,17805,建筑面积：126000㎡
1494,城北万象城幸福里,余杭,38813,建筑面积：313119㎡
1495,城南银泰城,萧山,17615,建筑面积：257009㎡
1496,中梁新安里,建德市,14660,建筑面积：40000㎡
1497,华夏之心,余杭,26000,建筑面积：43-72㎡
1498,万晶湖畔中心,钱塘,27000,建筑面积：562㎡
1499,滨江万潮星汇写字楼,上城,58424,建筑面积：36-69㎡
1500,龙坞茗筑商铺,西湖,48000,建筑面积：300-546㎡
1501,永安之星,临平,19000,建筑面积：90㎡
1502,桐庐针织广场,桐庐县,16925,建筑面积：39529㎡
1503,EFC西溪丽晶居底商,余杭,49701,建筑面积：900000㎡
1504,资辉壹方汇商铺,拱墅,52844,建筑面积：80900㎡
1505,融望之城商铺,萧山,38000,NaN
1506,新希望华发锦粼云荟商铺,萧山,45000,建筑面积：199928㎡
1507,广孚中心,萧山,36000,建筑面积：93000㎡
1508,招商蛇口闻博花城,萧山,65000,建筑面积：300000㎡
1509,德信云川商务中心,西湖,33000,建筑面积：34866㎡
1510,半山林畔,拱墅,60000,建筑面积：129000㎡
1511,中港西湖院子,余杭,900,别墅/建筑面积：150-180㎡
1512,宋都天润,上城,55000,3室/4室/6室/建筑面积：239-452㎡
1513,中粮梦栖祥云,余杭,35000,3室/4室/别墅/建筑面积：89-162㎡
1514,富春泉水湾五期,富阳,962,别墅/建筑面积：207-273㎡
1515,绿城桃源小镇,余杭,43543,4室/别墅/建筑面积：129-230㎡
1516,中庆润泽院,富阳,23975,3室/4室/建筑面积：82-115㎡
1517,潮闻天下,钱塘,18700,3室/4室/别墅/建筑面积：83-280㎡
1518,杭州壹号院,滨江,48100,5室/建筑面积：331.99㎡
1519,银杏汇,滨江,51581,3室/4室/建筑面积：90-410㎡
1520,钱塘大观,滨江,38000,4室/建筑面积：230-230㎡
1521,绿城九龙仓柳岸晓风,滨江,64843,别墅/建筑面积：219㎡
1522,钱江水晶澜轩,滨江,69509,5室/建筑面积：333-378㎡
1523,绿城建发沁园,拱墅,55000,4室/建筑面积：132-165㎡
1524,城市之光,滨江,50562,2室/3室/4室/建筑面积：89-117㎡
1525,西溪蓝海,余杭,49365,商业/建筑面积：60-138㎡
1526,广大融城印象,上城,30900,2室/3室/4室/建筑面积：83-130㎡
1527,万科堂前二期,余杭,40104,别墅/建筑面积：220-260㎡
1528,万科玉泉,西湖,58329,3室/4室/别墅/建筑面积：90-140㎡
1529,汇雅轩,萧山,45901,建筑面积：90178㎡
1530,恒大澜玉水晶熙园,西湖,30000,2室/3室/4室/5室/建筑面积：77-198㎡
1531,绿城杭州桃花源,余杭,38522,别墅/建筑面积：451-670㎡
1532,万科良渚文化村秋荷坊,余杭,25713,3室/4室/建筑面积：138-180㎡
1533,朗诗熙华府,拱墅,45000,3室/4室/5室/建筑面积：113-185㎡
1534,广和美地兰庭,余杭,24359,2室/3室/4室/建筑面积：77.7-149.5㎡
1535,九龙仓君廷,临平,24380,别墅/建筑面积：220-265㎡
1536,滨江保利翡翠海岸,上城,75000,4室/5室/建筑面积：134-198㎡
1537,众安景海湾,萧山,33899,2室/3室/4室/别墅/建筑面积：90-472㎡
1538,万科大家钱塘府,上城,56398,3室/4室/建筑面积：89-130㎡
1539,佳源未来府,余杭,14500,1室/2室/3室/4室/建筑面积：39-135㎡
1540,和昌府,余杭,25713,3室/4室/建筑面积：89-113㎡
1541,滨江华家池,上城,57542,3室/5室/建筑面积：128-278㎡
1542,绿都云和湖,西湖,NaN,3室/4室/建筑面积：89-128㎡
1543,方正荷塘月色,拱墅,50192,2室/3室/建筑面积：90-128㎡
1544,信达滨江壹品,上城,71592,4室/5室/建筑面积：137-182㎡
1545,融创金成江南府,余杭,44852,3室/4室/建筑面积：89-146㎡
1546,世茂东壹号,上城,48758,3室/4室/建筑面积：88-138㎡
1547,瑞金华丽嘉苑,临平,25050,1室/2室/3室/4室/建筑面积：45-240㎡
1548,金鼎华庭,余杭,28881,2室/3室/4室/5室/建筑面积：82-197㎡
1549,荣安翡翠半岛,临平,18000,3室/4室/建筑面积：89-137㎡
1550,元成时代中心,钱塘,25575,商业/建筑面积：38-49㎡
1551,富越香郡,拱墅,52521,商业/建筑面积：38-88㎡
1552,都会艺境,萧山,25000,商业/建筑面积：39-41㎡
1553,龙悦湾金石院子,临平,25961,别墅/建筑面积：192-250㎡
1554,保利霞飞郡,萧山,42667,3室/4室/商业/别墅/建筑面积：51-353㎡
1555,东南钱江蓝湾,萧山,26000,3室/4室/建筑面积：86-127.7㎡
1556,悦青蓝锦轩,余杭,20100,2室/3室/建筑面积：87-135㎡
1557,云山九里,桐庐县,16834,别墅/建筑面积：91-353㎡
1558,景瑞西湖阳明谷,西湖,36802,别墅/建筑面积：280-320㎡
1559,桃李春风如山,临安,27000,2室/3室/4室/别墅/建筑面积：68-243㎡
1560,北大资源海港城,余杭,49816,商业/建筑面积：37-63㎡
1561,湘溪蘭园,杭州周边,14583,3室/4室/建筑面积：79-115㎡
1562,景瑞阳光城法兰公园,临平,22600,3室/建筑面积：87-107㎡
1563,九龙仓璞俪洋房,拱墅,51599,4室/建筑面积：210-270㎡
1564,复泰雅宸华庭,余杭,13811,4室/别墅/建筑面积：145-400㎡
1565,玖玖国际财富中心,临平,24142,商业/建筑面积：30-55㎡
1566,大江东宝龙广场,钱塘,12000,3室/4室/建筑面积：98-139㎡
1567,大家绿城金麟府,拱墅,NaN,3室/4室/建筑面积：115-142㎡
1568,万科新都会1958,拱墅,54084,3室/4室/建筑面积：125-166㎡
1569,萧山宝龙城市广场,萧山,49867,商业/建筑面积：40-118㎡
1570,招商九龙仓学院北麓,拱墅,49727,3室/4室/建筑面积：89-139㎡
1571,新城红郡,上城,30900,2室/3室/别墅/建筑面积：76-197.7㎡
1572,得力名望府,萧山,34075,2室/3室/4室/建筑面积：60-90㎡
1573,融创金成西溪海,余杭,44394,4室/别墅/建筑面积：138-376㎡
1574,溪上玫瑰园,余杭,50380,别墅/建筑面积：384-675㎡
1575,中兴御田清庭,拱墅,31115,2室/3室/建筑面积：87-138㎡
1576,瑞立东方花城,滨江,52155,2室/4室/建筑面积：88-135㎡
1577,嘉里云荷廷,西湖,29775,3室/4室/5室/建筑面积：89-227㎡
1578,绿野和山墅,余杭,38069,别墅/建筑面积：395-512㎡
1579,越秀星汇城二期后湾组团,临安,21815,3室/建筑面积：89-89㎡
1580,绿野春天叠翠谷,余杭,39030,别墅/建筑面积：208-283㎡
1581,西溪玫瑰,余杭,56971,别墅/建筑面积：232-340㎡
1582,融创瑷骊山,西湖,29775,4室/5室/建筑面积：185.5-335㎡
1583,龙湖旭辉春江悦茗,萧山,33899,3室/4室/建筑面积：81-119㎡
1584,滨江锦绣之城,拱墅,53466,建筑面积：160587㎡
1585,春风江南府,临平,21112,3室/4室/建筑面积：86.15-132.03㎡
1586,金成江南春城竹海水韵,余杭,42969,2室/3室/建筑面积：77-130㎡
1587,龙湖名景台,上城,30900,3室/4室/建筑面积：90-138㎡
1588,广宇东承府,上城,30900,1室/2室/3室/商业/建筑面积：49.34-125㎡
1589,龙元东新府,拱墅,48227,2室/3室/4室/建筑面积：77.3-130㎡
1590,中国铁建保利像素,钱塘,25770,3室/建筑面积：82-89㎡
1591,临平新时代,临平,24241,商业/建筑面积：49-97㎡
1592,中国铁建国际城,拱墅,49817,3室/商业/建筑面积：48-137㎡
1593,南北盛德国际,余杭,45925,商业/建筑面积：30-49㎡
1594,保亿风景晨园,临平,25714,商业/建筑面积：36.3-86㎡
1595,中国铁建万科江湾城,萧山,15000,3室/建筑面积：85-105㎡
1596,公元沐桥,西湖,29775,3室/5室/建筑面积：193-355㎡
1597,万科智谷,拱墅,44000,建筑面积：35-46㎡
1598,金沙国际,钱塘,28829,商业/建筑面积：48-60㎡
1599,微博公馆,余杭,38199,1室/建筑面积：38-81㎡
1600,远洋招商上塘宸章,拱墅,35000,3室/4室/建筑面积：98-132㎡
1601,保亿围庐,余杭,44019,别墅/建筑面积：210-260㎡
1602,融创东麟府,萧山,18000,别墅/建筑面积：160-190㎡
1603,九龙仓珑玺,拱墅,53135,4室/建筑面积：124-127㎡
1604,昆仑华府,余杭,25713,2室/3室/4室/建筑面积：89-118㎡
1605,首开国风美域,西湖,49160,3室/4室/建筑面积：88-132㎡
1606,万科郡西澜山,余杭,25713,2室/3室/4室/建筑面积：90-170㎡
1607,凯德湖墅,拱墅,53978,2室/3室/4室/5室/建筑面积：72-200㎡
1608,万科杭宸,余杭,42222,3室/4室/建筑面积：83-139㎡
1609,众安嘉润公馆,萧山,42667,商业/建筑面积：56-74㎡
1610,世包国际中心,上城,81070,商业/建筑面积：64.5-218.4㎡
1611,中国铁建江南国际城,萧山,51068,3室/4室/建筑面积：88-118㎡
1612,闲湖城,余杭,44139,2室/3室/4室/别墅/建筑面积：89-400㎡
1613,越秀星汇城一期,临安,21815,2室/3室/4室/建筑面积：77-228㎡
1614,滨江西溪明珠,余杭,56104,别墅/建筑面积：272-318㎡
1615,中旅城仕公馆,上城,30900,2室/3室/建筑面积：81-90㎡
1616,招商远洋春秋华庭,拱墅,44488,3室/4室/建筑面积：89-139㎡
1617,中国铁建青秀城,萧山,51245,3室/4室/建筑面积：86-128㎡
1618,天阳文晖,上城,54464,2室/3室/4室/建筑面积：75-127㎡
1619,阳光城翡丽湾,上城,30900,3室/4室/建筑面积：89-125㎡
1620,恒厚阳光城,余杭,38522,2室/3室/4室/建筑面积：80-139㎡
1621,金都夏宫,临平,21400,2室/3室/4室/别墅/建筑面积：80-289㎡
1622,景瑞原墅,余杭,45149,别墅/建筑面积：443-452㎡
1623,赞成乐山红叶,余杭,44096,别墅/建筑面积：240㎡
1624,卓越蔚蓝领秀,上城,30900,建筑面积：273723㎡
1625,凯喜雅锦河湾,余杭,42272,3室/建筑面积：89-128㎡
1626,招商雍和府,上城,50104,3室/4室/建筑面积：89-128㎡
1627,淮矿东元府,上城,56386,3室/4室/建筑面积：89-115㎡
1628,金昌春和钱塘,萧山,33899,3室/4室/建筑面积：87-182㎡
1629,钱江西溪和景,余杭,66234,3室/4室/建筑面积：177-283㎡
1630,绿城莲园,临平,24388,3室/4室/别墅/建筑面积：89-270㎡
1631,中骏钱塘御景,萧山,33899,3室/4室/建筑面积：89-107㎡
1632,金隅田员外,拱墅,35629,2室/3室/建筑面积：87-127㎡
1633,融创望海潮,萧山,NaN,3室/4室/建筑面积：89-145㎡
1634,合景叠彩园,余杭,50803,2室/3室/别墅/建筑面积：82-183㎡
1635,理想康城一品,临平,26034,3室/4室/5室/6室/建筑面积：128.55-380㎡
1636,玺之湾,上城,30900,3室/4室/建筑面积：89-135㎡
1637,合景天峻,余杭,49805,3室/4室/建筑面积：89-127㎡
1638,奥克斯时代未来之城,余杭,47963,3室/建筑面积：96-131㎡
1639,郡原列岛花园,临安,20677,别墅/建筑面积：363-482㎡
1640,宝丽金庭,临平,20813,2室/3室/4室/5室/建筑面积：88-313㎡
1641,北辰金座,余杭,24359,商业/建筑面积：40-70㎡
1642,阳光郡,拱墅,48420,4室/5室/建筑面积：140-178㎡
1643,万通时尚公馆,余杭,50373,3室/商业/建筑面积：43-129㎡
1644,祥生云溪新语,西湖,32000,商业/建筑面积：43-49㎡
1645,金世纪运河丽园,临平,20716,4室/商业/建筑面积：84.14-161.89㎡
1646,西溪八方城,余杭,32800,商业/建筑面积：45-54㎡
1647,金基观岛,淳安县,13127,别墅/建筑面积：107-153㎡
1648,地铁东城广场,上城,36333,商业/建筑面积：50-60㎡
1649,领航城住宅,萧山,34000,3室/4室/建筑面积：88-145㎡
1650,润和橙家,钱塘,25770,2室/3室/建筑面积：65-90㎡
1651,天阳尚城国际,上城,53710,2室/3室/4室/建筑面积：75-129㎡
1652,新城龙湖湾上风华,上城,30900,3室/4室/建筑面积：89-120㎡
1653,招商雍华府,上城,48818,2室/3室/4室/建筑面积：70-114㎡
1654,中骏柏景湾,临安,18000,3室/建筑面积：89-118㎡
1655,金顺锦绣时代,余杭,35500,商业/建筑面积：89.07-89.9㎡
1656,滨江旭辉万家之星,余杭,36818,3室/4室/建筑面积：89-123㎡
1657,北大资源未名府,余杭,45927,3室/4室/建筑面积：89-130㎡
1658,融创河滨之城,余杭,45982,3室/4室/建筑面积：89-180㎡
1659,龙湖春江天玺,萧山,33000,3室/4室/别墅/建筑面积：89-159㎡
1660,华润置地中央车站广场公寓,上城,35000,商业/建筑面积：35-65㎡
1661,O纪元,萧山,42000,商业/建筑面积：43-56㎡
1662,杭州世茂天玑公寓,上城,57458,商业/建筑面积：30-135㎡
1663,绿城春江明月,建德市,14660,3室/建筑面积：89-140㎡
1664,金地广场,西湖,30933,商业/建筑面积：35-43㎡
1665,西溪九号,西湖,30933,商业/建筑面积：38-48㎡
1666,江滨澜廷,滨江,36800,商业/建筑面积：40-80㎡
1667,海联云客里,临平,26717,商业/建筑面积：40-60㎡
1668,君豪御园,桐庐县,6800,2室/3室/建筑面积：87-126㎡
1669,御金台国际中心,萧山,42667,商业/建筑面积：269.1-417.8㎡
1670,祥生钱塘新语,钱塘,25770,3室/建筑面积：82-89㎡
1671,大都尚澜,临平,13000,2室/3室/4室/建筑面积：88-155㎡
1672,顺发旺角城二期,萧山,42627,3室/4室/5室/建筑面积：130-182㎡
1673,杭州香港城,西湖,30933,商业/建筑面积：28-77㎡
1674,杭州碧桂园,钱塘,25770,2室/3室/4室/建筑面积：82-171㎡
1675,栢悦中心,临平,20000,3室/4室/建筑面积：89-120㎡
1676,富春硅谷麓园,杭州周边,23864,3室/建筑面积：86-208㎡
1677,相寓,临平,21400,2室/3室/建筑面积：89-112㎡
1678,金铂湾,滨江,60096,商业/建筑面积：43-67㎡
1679,佳兆业玖珑山,西湖,29775,2室/3室/4室/建筑面积：88-170㎡
1680,溪悦宸府,余杭,51140,2室/3室/4室/建筑面积：86-189㎡
1681,融创涌清府,上城,NaN,3室/4室/建筑面积：125-147㎡
1682,丽晶国际,萧山,33899,2室/4室/商业/建筑面积：74-222㎡
1683,众安学君里,余杭,41896,3室/建筑面积：89-185㎡
1684,阳光城丽兹公馆,萧山,51659,3室/建筑面积：89-89㎡
1685,艺尚里,临平,26822,1室/3室/建筑面积：52-130㎡
1686,锦润公寓,上城,54088,3室/4室/建筑面积：89-128㎡
1687,水景城,临平,26455,4室/5室/建筑面积：163-365㎡
1688,东厦东港花苑,临平,25684,1室/2室/3室/4室/建筑面积：70-158㎡
1689,绿都汀蘭府,上城,NaN,2室/3室/4室/建筑面积：70-135㎡
1690,新城峯璟,余杭,50803,3室/4室/6室/7室/别墅/建筑面积：82-180㎡
1691,恒和依山郡,余杭,24360,1室/2室/4室/5室/别墅/建筑面积：57-260㎡
1692,美都良景,余杭,34166,2室/3室/4室/建筑面积：65-113.84㎡
1693,开元万科新都会,杭州周边,18543,3室/4室/建筑面积：94-134㎡
1694,澳海香樟苑,富阳,18300,3室/建筑面积：90-106㎡
1695,万科劝学里,余杭,25713,3室/4室/建筑面积：89-139㎡
1696,斐济万国友谊国际,杭州周边,30483,建筑面积：44-95㎡
1697,滨江新城东方名府,萧山,45625,3室/4室/商业/建筑面积：38-128㎡
1698,华元花涧堂,临平,26383,别墅/建筑面积：160-230㎡
1699,明华佳乐苑,钱塘,24360,1室/2室/3室/7室/别墅/建筑面积：76-363.01㎡
1700,九龙仓世纪华府,杭州周边,21642,3室/4室/建筑面积：104-142㎡
1701,群升万国天地,西湖,32500,商业/建筑面积：48-77㎡
1702,国开东方凤凰台,余杭,42269,建筑面积：65523㎡
1703,诚明诚品,临平,23093,建筑面积：36000㎡
1704,朗诗万科城市之光,钱塘,25770,3室/建筑面积：89㎡
1705,迪凯西湖国际茶博城,西湖,36535,建筑面积：181865㎡
1706,四季广场,钱塘,28318,商业/建筑面积：58㎡
1707,同人山庄1,杭州周边,20228,别墅/建筑面积：416㎡
1708,宋都丽郡国际,钱塘,18700,3室/4室/建筑面积：89-132㎡
1709,银泰悦轩,拱墅,44000,商业/建筑面积：69-86㎡
1710,佳源优优锦城,临安,22348,3室/4室/建筑面积：89-89㎡
1711,理想西溪金座,余杭,32800,商业/建筑面积：54-61㎡
1712,联合中心北区,萧山,42333,商业/建筑面积：1000-1000㎡
1713,中豪国际,上城,36333,商业/建筑面积：46-46㎡
1714,宋都香悦郡,拱墅,38066,2室/3室/4室/建筑面积：72-132㎡
1715,永宏叠家,钱塘,16167,商业/建筑面积：48-120㎡
1716,新义郡,萧山,22155,2室/3室/建筑面积：89.3-138㎡
1717,千岛湖桃花园,淳安县,13566,别墅/建筑面积：900-1241㎡
1718,天鸿香榭里,拱墅,49941,2室/3室/建筑面积：86-135㎡
1719,野风启城,临平,24121,2室/3室/4室/5室/6室/8室/建筑面积：75-295㎡
1720,鼎园九礼,西湖,59388,别墅/建筑面积：303-330㎡
1721,龙湖唐宁ONE,西湖,55931,3室/4室/建筑面积：111-165㎡
1722,复地上城,余杭,42534,2室/3室/建筑面积：77-147㎡
1723,春江美庐,桐庐县,16925,别墅/建筑面积：197-255㎡
1724,黄金时代,上城,30000,商业/建筑面积：25-65㎡
1725,正易上塘春苑,余杭,24000,商业/建筑面积：45.52-132.06㎡
1726,风荷郡,余杭,42180,3室/建筑面积：89-135㎡
1727,碧桂园越溪府,萧山,27236,3室/建筑面积：121㎡
1728,山湖印一期,杭州周边,17543,别墅/建筑面积：724㎡
1729,御湘湖,萧山,29008,3室/4室/建筑面积：283-436㎡
1730,空港新天地,萧山,17779,商业/建筑面积：45-52㎡
1731,德信泊林春天,萧山,33899,3室/4室/建筑面积：89-119㎡
1732,义蓬购物中心2期,钱塘,16167,商业/建筑面积：45-45㎡
1733,武林之光,下城,54390,商业/建筑面积：55-55㎡
1734,状元府,临安,17998,别墅/建筑面积：245-249.8㎡
1735,新天地G193广场,下城,44322,商业/建筑面积：27-35㎡
1736,国瑞中心,杭州周边,17572,商业/建筑面积：25-42㎡
1737,阳光城丽景湾,富阳,20940,3室/别墅/建筑面积：98-130㎡
1738,恒伟江南名楼,杭州周边,17690,3室/建筑面积：93.75-119.89㎡
1739,龙山公馆,杭州周边,17193,3室/建筑面积：87-137㎡
1740,山水国际,杭州周边,22947,2室/3室/4室/建筑面积：87-180㎡
1741,中南樾府,余杭,32000,4室/建筑面积：128㎡
1742,力雅广场铂寓,桐庐县,19667,商业/建筑面积：46㎡
1743,乐创城,萧山,42667,商业/建筑面积：41㎡
1744,五迪中心,余杭,50114,商业/建筑面积：37-41㎡
1745,顺发富春峰景,桐庐县,16925,2室/3室/建筑面积：138-232㎡
1746,联合畔上居,拱墅,33312,2室/3室/建筑面积：90-138㎡
1747,碧秀名庭,萧山,35076,3室/4室/5室/建筑面积：88-125㎡
1748,星云,西湖,32500,建筑面积：35-50㎡
1749,青山鹤岭,杭州周边,20290,1室/2室/3室/4室/建筑面积：31-137㎡
1750,四维金座,临平,32116,建筑面积：36-36㎡
1751,通和十二橡树颂居,临平,25050,3室/建筑面积：88-109㎡
1752,绿城蓝庭,临平,22600,2室/3室/4室/别墅/建筑面积：89-440㎡
1753,南北西岸,拱墅,50055,2室/3室/建筑面积：89-137㎡
1754,朗诗花漫里,临平,29025,3室/4室/建筑面积：82-110㎡
1755,天阳九筑,上城,34203,2室/3室/建筑面积：73-92㎡
1756,景瑞御蓝湾,余杭,42646,2室/3室/建筑面积：86-129㎡
1757,绿城明月江南,滨江,58652,2室/3室/4室/建筑面积：88-200㎡
1758,保利城市果岭,钱塘,25770,2室/3室/4室/5室/建筑面积：78-185㎡
1759,中海篁外山庄,西湖,29775,3室/4室/5室/建筑面积：90-330㎡
1760,竹韵小筑,临安,17525,3室/建筑面积：89㎡
1761,永富铂晶中心,下城,45733,1室/2室/建筑面积：33-66㎡
1762,亿丰蔚蓝郡,余杭,25713,2室/3室/4室/建筑面积：64-150㎡
1763,中海寰宇天下,滨江,60284,2室/3室/4室/建筑面积：89-255㎡
1764,高运学林尚苑,萧山,41719,1室/2室/4室/建筑面积：90-131.32㎡
1765,龙湖春江郦城,滨江,59352,3室/4室/建筑面积：90-168㎡
1766,绿城风华苑,临平,28500,3室/4室/5室/建筑面积：158-276㎡
1767,庭院深深,余杭,41896,2室/3室/建筑面积：77-144㎡
1768,保利江语海,钱塘,26327,1室/2室/3室/4室/别墅/建筑面积：56-360㎡
1769,德信中外公寓,钱塘,32500,2室/3室/4室/5室/建筑面积：70-178㎡
1770,莱蒙水榭春天,滨江,61237,3室/4室/建筑面积：90-140㎡
1771,绿都四季华庭,萧山,27222,3室/4室/5室/建筑面积：88-168㎡
1772,天阳云筑,西湖,36898,2室/3室/建筑面积：86-138㎡
1773,兴耀鑫都汇,滨江,36800,商业/建筑面积：48-69㎡
1774,华盛达阅城,拱墅,50035,2室/3室/4室/建筑面积：86.55-188㎡
1775,复地连城国际,临平,29996,1室/2室/3室/建筑面积：63-174㎡
1776,朗诗未来街区东园,临平,26786,2室/3室/4室/建筑面积：70-117㎡
1777,耀翔PARTY,LIFE悦尚,拱墅,50080
1778,万宝城,临平,24316,商业/建筑面积：28.36-37.94㎡
1779,郡原九衡公寓,余杭,25713,2室/3室/4室/5室/6室/建筑面积：62-169㎡
1780,恒鼎博邑郡,滨江,52134,1室/商业/建筑面积：37-81㎡
1781,华元美林公馆,余杭,49816,1室/2室/别墅/建筑面积：0-560㎡
1782,东海柠檬郡,钱塘,28750,2室/3室/建筑面积：63.4-141㎡
1783,远洋公馆绿园,拱墅,53525,2室/3室/4室/建筑面积：89-187㎡
1784,万科草庄,上城,52448,1室/4室/建筑面积：85-230㎡
1785,众安启航社,萧山,23010,1室/2室/3室/4室/建筑面积：53-259㎡
1786,合景瑜翠园（瑜翠公寓）,余杭,47618,3室/建筑面积：89-105㎡
1787,美达晓城天地,钱塘,32500,1室/2室/建筑面积：45-88㎡
1788,赞成香颂,临平,21400,3室/4室/建筑面积：86-137㎡
1789,佳苑玉都枫景,余杭,38049,2室/3室/4室/建筑面积：77.68-125㎡
1790,上亿彩虹郡,余杭,32988,3室/4室/建筑面积：100-170㎡
1791,江南文苑,滨江,38000,2室/3室/4室/建筑面积：88.88-137.55㎡
1792,钱王文化广场,杭州周边,17553,3室/4室/建筑面积：146-185㎡
1793,同人广场,西湖,51797,商业/建筑面积：30.81-92.27㎡
1794,盈都揽悦,钱塘,25770,3室/4室/建筑面积：79.2-114.5㎡
1795,清源上林湖,杭州周边,23864,别墅/建筑面积：215-242㎡
1796,杰立公馆,上城,56174,1室/建筑面积：40-95㎡
1797,万科紫台,上城,47653,3室/建筑面积：89-125㎡
1798,龙湖滟澜山,钱塘,32500,2室/3室/4室/建筑面积：76-180㎡
1799,恒祺克拉公馆,上城,36333,3室/建筑面积：89.16-123.33㎡
1800,瑞金华庭嘉苑,临平,25050,3室/建筑面积：89.13-143㎡
1801,绿城翡翠湾,余杭,54139,2室/3室/4室/建筑面积：87.63-174.79㎡
1802,万科北宸之光,余杭,47215,3室/4室/建筑面积：90-130㎡
1803,弘通丁兰广场,上城,30900,商业/建筑面积：70-90㎡
1804,名城燕园,拱墅,52754,2室/3室/4室/建筑面积：88-173㎡
1805,西城博司,西湖,30933,商业/建筑面积：40-86㎡
1806,和润园,西湖,53832,2室/4室/建筑面积：125-230㎡
1807,三江花园道壹号,拱墅,49799,3室/4室/建筑面积：89-126㎡
1808,通和戈雅公寓,萧山,28307,3室/建筑面积：123.37-125㎡
1809,绿城西子紫兰公寓,拱墅,55485,2室/3室/4室/建筑面积：111-215㎡
1810,精欧荣寓,钱塘,28750,2室/3室/建筑面积：87-138㎡
1811,中顺上尚庭,西湖,52173,2室/3室/4室/建筑面积：87.5-163㎡
1812,滨江万家星城,下城,47247,2室/3室/4室/建筑面积：80-175㎡
1813,海陆UN公社,余杭,54198,2室/建筑面积：67-85㎡
1814,金瑞城市风景,拱墅,51540,3室/4室/建筑面积：88-178㎡
1815,创智金宸,临平,21400,1室/2室/建筑面积：54-78㎡
1816,美达北城天地,拱墅,52435,1室/建筑面积：40-50㎡
1817,YOU盘时代,西湖,51692,2室/建筑面积：50-50㎡
1818,绿都湖滨花园,萧山,51048,3室/4室/建筑面积：89-247㎡
1819,绿城丁香公馆,萧山,46314,1室/4室/建筑面积：70-287㎡
1820,保利香槟国际,西湖,52189,2室/3室/建筑面积：85-171㎡
1821,中海紫藤苑,西湖,43807,2室/3室/建筑面积：74-139㎡
1822,大业江东府,钱塘,16167,3室/4室/建筑面积：82-111㎡
1823,塘栖金石华城,临平,21782,2室/3室/4室/建筑面积：89-139㎡
1824,贝利栖溪公馆,临平,23478,2室/3室/4室/建筑面积：93-170㎡
1825,莱茵旺角七号,临平,21400,2室/3室/建筑面积：82-89㎡
1826,广大同城印象,余杭,42499,2室/3室/建筑面积：70.04-118㎡
1827,富越香溪,西湖,51452,2室/4室/7室/建筑面积：90-460㎡
1828,丁桥颐景园,上城,30900,2室/3室/4室/建筑面积：76-180㎡
1829,金都阳光田园,杭州周边,16251,别墅/建筑面积：460-460㎡
1830,信达柳郡,余杭,34166,2室/3室/4室/建筑面积：89.5-160.7㎡
1831,广汇栖水珑庭,临平,21782,2室/3室/建筑面积：76.6-135.5㎡
1832,石榴派,余杭,25713,2室/3室/4室/建筑面积：90.73-148.06㎡
1833,新明半岛,余杭,42269,2室/5室/6室/别墅/建筑面积：88-320㎡
1834,福雷德广场,钱塘,28750,1室/2室/建筑面积：38-98.35㎡
1835,坚果2.0,西湖,43043,1室/2室/建筑面积：50-150㎡
1836,万泰新语,下城,43908,2室/3室/建筑面积：78-131㎡
1837,中豪四季公馆,上城,30900,2室/3室/建筑面积：81-130㎡
1838,瑞金华翠嘉苑,临平,25050,2室/3室/建筑面积：89.38-91.18㎡
1839,奇景家苑,萧山,28666,2室/4室/建筑面积：70-160㎡
1840,湖光山社临安,杭州周边,20074,别墅/建筑面积：230-646㎡
1841,富阳宝龙城市广场,杭州周边,22361,3室/建筑面积：97-119㎡
1842,金街美地,西湖,32500,商业/建筑面积：70㎡
1843,象山国际广场,西湖,36535,1室/建筑面积：29.35-40.45㎡
1844,盛泰时代山,钱塘,28750,商业/建筑面积：46-57㎡
1845,名门世家,萧山,27222,3室/4室/5室/别墅/建筑面积：90-338㎡
1846,润和半岛庄园,杭州周边,14966,别墅/建筑面积：396-683㎡
1847,泊林漫谷,余杭,39836,2室/3室/建筑面积：86.65-141.53㎡
1848,绿城云栖玫瑰园,西湖,29775,4室/5室/建筑面积：376-602㎡
1849,紫玉福邸,上城,54872,3室/4室/5室/建筑面积：89-179㎡
1850,大华海派风景,余杭,46204,2室/3室/建筑面积：88-118㎡
1851,阳光景台前期,上城,34203,2室/3室/4室/建筑面积：84-150㎡
1852,海运国际,上城,64584,1室/3室/4室/商业/建筑面积：60-250㎡
1853,德信臻园,拱墅,50537,3室/4室/建筑面积：160-200㎡
1854,金马同盛,萧山,40846,1室/3室/建筑面积：41.2-168㎡
1855,南大暖东,钱塘,25770,2室/3室/建筑面积：82-88㎡
1856,莱德绅华府,拱墅,52173,2室/3室/5室/建筑面积：87.18-238㎡
1857,帝凯帝景园,钱塘,18700,2室/3室/4室/建筑面积：89-139.14㎡
1858,杭州乔司商城,临平,27853,商业/建筑面积：66666㎡
1859,大山第,杭州周边,20239,别墅/建筑面积：220㎡
1860,中粮大悦城天悦,拱墅,53143,3室/4室/建筑面积：117-137㎡
1861,赞成美树,余杭,35369,4室/建筑面积：138-138㎡
1862,百富联合国际奥体之星,萧山,42667,商业/建筑面积：46-51㎡
1863,德信晓宸,拱墅,50188,3室/建筑面积：89-89㎡
1864,上林湖,杭州周边,23864,4室/6室/建筑面积：242-262㎡
1865,凯旋门,上城,69552,2室/3室/建筑面积：89-180㎡
1866,十方别墅,西湖,41163,别墅/建筑面积：260-270㎡
1867,科尔南城景园,萧山,34630,2室/3室/4室/建筑面积：79-138㎡
1868,树兰书香名邸,临平,26827,2室/3室/建筑面积：76.6-129.1㎡
1869,永富铂金中心,拱墅,31563,1室/2室/建筑面积：35-66㎡
1870,重汽嘉泽苑,萧山,33576,2室/3室/建筑面积：85-124㎡
1871,富亿NEO中心,上城,36333,建筑面积：66000㎡
1872,荣正山水半岛,桐庐县,16626,3室/建筑面积：138.6㎡
1873,恒远锦绣兰庭,杭州周边,22806,2室/6室/建筑面积：76-112㎡
1874,滨江曙光之城,上城,53117,3室/建筑面积：89-139㎡
1875,西城时代家园,余杭,43510,2室/4室/建筑面积：88-166.95㎡
1876,鸿港华庭,萧山,46314,3室/4室/建筑面积：87-151㎡
1877,大成名座,萧山,49983,2室/3室/4室/建筑面积：90.41-166.14㎡
1878,新帝朗郡,西湖,29775,3室/4室/别墅/建筑面积：209.48-316㎡
1879,黄鹤山居,临平,25050,1室/3室/建筑面积：78.49-243.61㎡
1880,绿城华景川柳岸春风,杭州周边,18000,建筑面积：107105㎡
1881,汉帛金街,杭州周边,13291,商业/建筑面积：37㎡
1882,九龙一号,杭州周边,23864,5室/建筑面积：280㎡
1883,华立和郡,临平,21400,2室/3室/建筑面积：86-121㎡
1884,美郡园,钱塘,18700,2室/4室/5室/建筑面积：83-177㎡
1885,江南国际丝绸城,临平,24362,建筑面积：115000㎡
1886,招商武林郡,上城,46196,建筑面积：57223㎡
1887,德信时代之心,滨江,50000,建筑面积：113608㎡
1888,上亿广场钻石公馆,临平,32119,建筑面积：200000㎡
1889,万豪国际,钱塘,26849,建筑面积：16086㎡
1890,知本大厦,滨江,49716,2室/3室/建筑面积：76-95㎡
1891,瑞博国际,西湖,52139,1室/建筑面积：30-60㎡
1892,万华1号,临平,26023,商业/建筑面积：58-59㎡
1893,滨江一号公馆,桐庐县,16925,3室/4室/建筑面积：139.34-208.56㎡
1894,西湖公馆,西湖,17000,建筑面积：340000㎡
1895,绿城桐庐玫瑰园,桐庐县,16236,5室/建筑面积：539㎡
1896,波士顿公寓,临平,26805,3室/4室/建筑面积：80-129㎡
1897,自游港青年广场,杭州周边,25770,建筑面积：60000㎡
1898,野风现代中心,下城,55810,建筑面积：111945㎡
1899,杭州高德置地广场ICON私邸,上城,69496,建筑面积：210-300㎡
1900,德信杭州之翼,上城,33000,建筑面积：53-71㎡
1901,保利中央公馆商铺,上城,57418,建筑面积：103.31-170㎡
1902,越秀维多利中心,上城,57231,建筑面积：1100-1992㎡
1903,赞成世纪广场,临平,26505,建筑面积：42-200㎡
1904,万马伊顿庄园,杭州周边,18042,建筑面积：152659㎡
1905,迪凯城星国际,上城,69363,建筑面积：2000-2050㎡
1906,巴比松法式风情小镇,桐庐县,18429,建筑面积：34000㎡
1907,西溪龙御,西湖,55328,建筑面积：101000㎡
1908,西溪望庄,余杭,50703,建筑面积：70000㎡
1909,万马万锦山庄,杭州周边,17686,建筑面积：40㎡
1910,三江名爵商务公馆,滨江,48292,建筑面积：23110㎡
1911,山水水印林语,杭州周边,22577,建筑面积：100000㎡
1912,青城山语间,杭州周边,17845,建筑面积：242300㎡
1913,桐庐君豪中心,桐庐县,19667,建筑面积：6958㎡
1914,欢腾国际,萧山,47441,建筑面积：87886㎡
1915,中天MCC,西湖,52829,建筑面积：70898㎡
1916,莱茵矩阵国际,拱墅,52425,建筑面积：82099㎡
1917,海智创业茂,余杭,50283,建筑面积：158000㎡
1918,财富公馆,萧山,34399,建筑面积：16590㎡
1919,世茂广场天誉,钱塘,27393,建筑面积：169623㎡
1920,杭州东部国际商务中心商铺,钱塘,28216,建筑面积：110966㎡
1921,博地中心,萧山,36000,建筑面积：289900㎡
1922,中欧城,桐庐县,17805,建筑面积：9360㎡
1923,世茂中心,滨江,69509,建筑面积：180000㎡
1924,浙商财富中心,余杭,26250,建筑面积：130000㎡
1925,旺君国际,余杭,47063,建筑面积：699955㎡
1926,龙湖滨江天街,滨江,58928,建筑面积：600000㎡
1927,保亿中心,萧山,36000,建筑面积：160779㎡
1928,杭州明石商业大厦,上城,52306,建筑面积：26514㎡
1929,佳源银座,拱墅,53780,建筑面积：55000㎡
1930,IT公园,余杭,48062,建筑面积：200712㎡
1931,奥克斯创智一号,余杭,49018,建筑面积：90000㎡
1932,浙江商会大厦,萧山,36000,建筑面积：125100㎡
1933,临平西子国际,临平,26214,建筑面积：144196㎡
1934,郡原公元时代,钱塘,32176,建筑面积：147308㎡
1935,郡原公元里,西湖,51084,建筑面积：77595㎡
1936,迪凯金座,上城,68258,建筑面积：121840㎡
1937,中豪五福天地,上城,61197,建筑面积：300000㎡
1938,银润星座,拱墅,25000,建筑面积：15034㎡
1939,钱盛商厦梦公馆,萧山,39435,建筑面积：17784㎡
1940,观奥宸府,萧山,31500,3室/4室/建筑面积：99-132㎡
1941,众安岚荷芸府,西湖,36800,4室/建筑面积：125-163㎡
1942,杭与城,余杭,36100,3室/4室/5室/建筑面积：106-229㎡
1943,绿城·汀岸芷兰,西湖,41190,4室/5室/建筑面积：139-225㎡
1944,中天大家悦潮云望府,萧山,31500,3室/4室/建筑面积：105-130㎡
1945,滨江万潮星汇,上城,60000,商业/建筑面积：36-69㎡
1946,金隅会潮悦府,上城,46500,4室/建筑面积：135-165㎡
1947,紫阅云宸里,西湖,36800,3室/4室/建筑面积：110-139㎡
1948,风荷叠翠府,临平,22600,3室/4室/建筑面积：95-130㎡
1949,钱塘里,杭州周边,25000,3室/4室/建筑面积：85-139㎡
1950,湖光山社,临安,22300,3室/4室/别墅/建筑面积：97-192㎡
1951,德信博宸君府,临平,431,2室/3室/别墅/建筑面积：59-136㎡
1952,前湾南区,萧山,1309,4室/别墅/建筑面积：175-255㎡
1953,佳兆业棹月雅府,上城,46500,3室/4室/建筑面积：98-143㎡
1954,香悦和鸣府,临平,463,3室/4室/别墅/建筑面积：108-149㎡
1955,风尚望和湾,拱墅,50186,3室/4室/建筑面积：94-149㎡
1956,滨江建杭江晖府,滨江,51500,4室/5室/建筑面积：169-238㎡
1957,阳光城东原印江滨,萧山,32000,3室/4室/建筑面积：89-106.55㎡
1958,月咏新辰轩,余杭,30500,3室/4室/建筑面积：105-139㎡
1959,滨江福翠里,余杭,31200,3室/4室/建筑面积：99-139㎡
1960,龙大江景府,建德市,23000,3室/4室/别墅/建筑面积：108-155㎡
1961,恒文璞悦江南府,临平,23600,2室/3室/建筑面积：89-120㎡
1962,紫萱海悦公寓,西湖,26000,商业/建筑面积：38㎡
1963,复地壹中心,拱墅,26000,商业/建筑面积：60-109.93㎡
1964,泰禾杭州院子,余杭,NaN,别墅/建筑面积：155-195㎡
1965,杭州颐和山庄,临安,22804,3室/别墅/建筑面积：119.36-134.88㎡
1966,中尚汇府,拱墅,35000,建筑面积：35-42㎡
1967,芳翠锦绣府,拱墅,47000,4室/5室/建筑面积：124-189㎡
1968,龙湖坤和亚伦·宸颂轩,上城,33400,3室/4室/建筑面积：108-139㎡
1969,滨江坤和揽云锦绣里,拱墅,55000,4室/5室/建筑面积：183-263㎡
1970,文樾上院,拱墅,51700,4室/建筑面积：180-183㎡
1971,宋都如意溪湖,临安,22804,3室/4室/建筑面积：89-130㎡
1972,新界2020,富阳,23975,3室/4室/建筑面积：95-125㎡
1973,聆潮府,上城,33400,3室/4室/建筑面积：94-166㎡
1974,金茂首开国樾,拱墅,49000,3室/4室/别墅/建筑面积：118-183㎡
1975,西房杭语宸鹭院,临平,880,3室/4室/别墅/建筑面积：99-280㎡
1976,中国中铁溪畔云璟府,富阳,20000,3室/4室/建筑面积：88-126㎡
1977,荷源府,萧山,37000,3室/4室/建筑面积：89-165㎡
1978,祥生云湖城,富阳,20500,3室/4室/建筑面积：89-143.49㎡
1979,绿城春风金沙,钱塘,37500,3室/4室/建筑面积：106-165㎡
1980,世宸名府,萧山,29700,3室/4室/建筑面积：89-137㎡
1981,天琅府,萧山,36400,3室/4室/5室/建筑面积：98-173㎡
1982,新希望华发锦粼云荟,萧山,32500,3室/4室/建筑面积：97-125㎡
1983,三盛大家汝悦美境府,萧山,33500,3室/建筑面积：98-108㎡
1984,滨江御滨府,滨江,55000,3室/4室/建筑面积：101-139㎡
1985,宝龙旭辉城,临安,21815,3室/4室/建筑面积：95-142㎡
1986,中天汀洲印月,临平,20800,3室/4室/建筑面积：98-127㎡
1987,山湖印,临安,1500,别墅/建筑面积：543-890㎡
1988,青漫里,萧山,25600,3室/4室/建筑面积：93.77-119.68㎡
1989,怀石雅苑·春上雅庐,富阳,NaN,别墅/建筑面积：130-130㎡
1990,融信澜庭,杭州周边,15222,3室/4室/建筑面积：89-139㎡
1991,恒大林溪郡,建德市,13700,3室/4室/建筑面积：98.18-141.86㎡
1992,悦风荷锦庭,萧山,25613,3室/4室/别墅/建筑面积：95-137㎡
1993,随塘,临平,19631,3室/4室/别墅/建筑面积：105-155㎡
1994,融信展望,萧山,37500,3室/4室/建筑面积：103-139㎡
1995,龙湖天瑄城住宅,上城,33400,3室/4室/建筑面积：98-128㎡
1996,金隅观澜商业中心,钱塘,15000,商业/建筑面积：48-115㎡
1997,香港置地上河公元,拱墅,30544,3室/4室/建筑面积：93-139㎡
1998,华侨城芳菲与城,上城,35500,2室/3室/4室/别墅/建筑面积：97-157㎡
1999,中铁诺德雅逸府,萧山,25790,3室/4室/建筑面积：87-140㎡
2000,湖滨外滩,临安,20000,3室/4室/别墅/建筑面积：89-268㎡
2001,顺源府,富阳,20940,3室/4室/建筑面积：89-120㎡
2002,路劲银城澜仕里,临平,23000,3室/4室/建筑面积：89-139㎡
2003,东原德信九章赋,萧山,27222,3室/4室/别墅/建筑面积：98-197㎡
2004,西房万科良语久园,余杭,36198,3室/4室/别墅/建筑面积：93-217㎡
2005,信达东莱府,上城,46000,3室/4室/建筑面积：89-132㎡
2006,景瑞路劲海逸翠廷,临平,23000,3室/4室/建筑面积：89-125㎡
2007,保利潮起云上府,萧山,49314,3室/建筑面积：97-121㎡
2008,大家坤和美筑,萧山,33899,3室/4室/建筑面积：96-129㎡
2009,杭语清澄,临平,23600,3室/4室/建筑面积：99-119㎡
2010,荣安招商祥宸府,拱墅,40000,3室/4室/5室/建筑面积：100-178㎡
2011,春来晓园,上城,50097,3室/4室/建筑面积：98-160㎡
2012,海威天地,滨江,NaN,商业/建筑面积：45-260㎡
2013,融望之城,萧山,39788,3室/4室/建筑面积：99-130㎡
2014,奥克斯金宸玖和府,萧山,35000,3室/4室/建筑面积：96-139㎡
2015,景瑞晴海,萧山,33899,3室/建筑面积：98-98㎡
2016,保亿阳光城丽光城,临安,21815,3室/4室/建筑面积：86-108㎡
2017,滨江旭辉融信·朝闻花城,萧山,29800,3室/4室/建筑面积：89.04-118㎡
2018,悦映城,临安,19250,3室/4室/别墅/建筑面积：89-155㎡
2019,新希望美的长粼府,临平,34985,3室/4室/建筑面积：85-122㎡
2020,栖江揽月轩,上城,66000,4室/5室/建筑面积：144-195㎡
2021,金地滨与城,萧山,16100,3室/建筑面积：89-95㎡
2022,赞成漫悦,萧山,28300,3室/4室/建筑面积：92.53-123.32㎡
2023,杭辰星万里,临平,21400,3室/建筑面积：95-95㎡
2024,临望宸府,萧山,16100,3室/4室/建筑面积：99-128㎡
2025,绿都金科和宁文华府,拱墅,43000,3室/4室/建筑面积：105-139㎡
2026,秋实宸悦,临平,20000,3室/4室/建筑面积：93-128㎡
2027,保利滨江上品,上城,70520,4室/建筑面积：129-165㎡
2028,东寰名邸,上城,30900,3室/4室/建筑面积：98-129㎡
2029,滨江海名雅园,钱塘,16600,别墅/建筑面积：195-210㎡
2030,承安HYGGE源翠府,临平,20600,3室/4室/建筑面积：89-115㎡
2031,缦云府,临安,20640,别墅/建筑面积：140-150㎡
2032,绿地艺尚府,临平,26172,3室/4室/建筑面积：89-120㎡
2033,龙湖金地商置都会风华,上城,45000,4室/建筑面积：120-139㎡
2034,融创江南壹号院,萧山,33000,3室/4室/5室/建筑面积：107-233㎡
2035,融创金成臻蓝府,拱墅,36857,3室/4室/建筑面积：107-129㎡
2036,理想臻品,临平,28000,3室/4室/5室/建筑面积：100-215㎡
2037,万锦花苑,杭州周边,15083,3室/4室/别墅/建筑面积：85-160㎡
2038,晓春城都会钱塘东区,钱塘,30000,3室/4室/建筑面积：89-123㎡
2039,朗诗枫荟,临平,19500,商业/建筑面积：37-57㎡
2040,滨江新希望拥潮府,萧山,38000,3室/4室/建筑面积：91-139㎡
2041,皓玉府,上城,46500,4室/5室/别墅/建筑面积：124-200㎡
2042,融信万科古翠隐秀,拱墅,54000,3室/4室/建筑面积：117-200㎡
2043,久尚云筑,临平,28050,3室/4室/建筑面积：97-122㎡
2044,越秀天萃名邸,上城,55584,3室/4室/建筑面积：107-125㎡
2045,恒大国玺悦龙府,萧山,48967,4室/建筑面积：172-273㎡
2046,路劲远洋江南院子,临平,19000,3室/4室/别墅/建筑面积：88-138㎡
2047,联发溪语宸庐,拱墅,36871,3室/4室/建筑面积：115-139㎡
2048,祥生绿都京杭府,临平,23600,4室/别墅/建筑面积：135-180㎡
2049,杭房城发御东方,上城,30900,3室/4室/建筑面积：98-139㎡
2050,华夏.之心,余杭,NaN,3室/4室/建筑面积：89-168㎡
2051,远洋湖映宸章,杭州周边,17369,3室/4室/建筑面积：94-142㎡
2052,奥园华景川上锦宸府,临平,19500,3室/4室/别墅/建筑面积：89-166㎡
2053,瑞城熙园,余杭,47000,别墅/建筑面积：189㎡
2054,普大福地,上城,31500,商业/建筑面积：45-55㎡
2055,星河印象中心,临平,15000,商业/建筑面积：40-60㎡
2056,绿城湖上春风,钱塘,37500,3室/4室/建筑面积：105-126㎡
2057,寰汇,临平,18000,商业/建筑面积：42-147㎡
2058,新希望锦畔云汀,临平,20800,3室/4室/建筑面积：98-120㎡
2059,招商近湖花苑,淳安县,14000,3室/4室/建筑面积：102-139㎡
2060,时代天境,余杭,22000,3室/4室/建筑面积：98-128㎡
2061,新安郡,建德市,17000,3室/4室/建筑面积：89-120㎡
2062,中海望庐,拱墅,56000,4室/建筑面积：139㎡
2063,滨康天曜城,滨江,51500,3室/4室/5室/建筑面积：110-195㎡
2064,伟业熙境府,临平,19800,3室/4室/建筑面积：89-120㎡
2065,建发华发江月望云,上城,53000,4室/5室/建筑面积：174-255㎡
2066,路劲雨茗云舍,西湖,29775,3室/建筑面积：139㎡
2067,印奥湾星辰公寓,萧山,16000,商业/建筑面积：300㎡
2068,星麓七彩小镇,临平,27194,商业/建筑面积：36㎡
2069,东哲钱塘滙,钱塘,700,别墅/建筑面积：294.2㎡
2070,金科尚合府,拱墅,32000,3室/4室/建筑面积：94-139㎡
2071,乐虹湾,萧山,47521,3室/4室/建筑面积：89-127㎡
2072,赞成旭辉时代悦章,临平,21400,3室/4室/别墅/建筑面积：92-180㎡
2073,东渡酩悦,上城,36333,商业/建筑面积：51㎡
2074,中海黄龙云起三里庐,西湖,58000,商业/建筑面积：300-311㎡
2075,禹洲宋都望林府,拱墅,40000,1室/3室/4室/5室/建筑面积：50-187.96㎡
2076,融信锦云澜天里,临安,19000,3室/建筑面积：80-115㎡
2077,德信新希望长粼之宸,临平,30000,3室/4室/建筑面积：98-114.9㎡
2078,荣安春熙上和湾,拱墅,47000,3室/4室/5室/建筑面积：94-167㎡
2079,宋都如意云境,临平,23000,3室/4室/建筑面积：89-125㎡
2080,绿城桂语钱塘,杭州周边,23000,3室/4室/建筑面积：89-133㎡
2081,美麓美座,拱墅,25000,商业/建筑面积：31-37㎡
2082,杰立同乔里,临平,28300,2室/3室/建筑面积：78-143㎡
2083,溪风雅韵公寓,临安,10334,3室/4室/别墅/建筑面积：100-250㎡
2084,华景川云流名邸,萧山,11000,3室/4室/建筑面积：95-130㎡
2085,葛洲坝龙湖中杭府,西湖,47000,3室/4室/5室/别墅/建筑面积：160-245㎡
2086,德信市心府,萧山,27222,别墅/建筑面积：197㎡
2087,中海云宸,滨江,53076,4室/建筑面积：139㎡
2088,中天富春诚品二期,富阳,23975,3室/建筑面积：100㎡
2089,蓝城郡安里沁山Villa,杭州周边,24360,别墅/建筑面积：142-160㎡
2090,富春运河赋,临平,32712,建筑面积：55-60㎡
2091,千岛湖嘉苑,淳安县,13127,3室/4室/建筑面积：88-143㎡
2092,联发藏珑玉墅,余杭,38049,4室/建筑面积：116-139㎡
2093,城北公馆,富阳,16500,商业/建筑面积：48㎡
2094,中天钱塘玥,杭州周边,21000,3室/建筑面积：89-89㎡
2095,融创望潮印第Ⅱ期公寓,萧山,26500,商业/建筑面积：39-44㎡
2096,通策状元府,临安,17998,别墅/建筑面积：212-214㎡
2097,华润置地亚奥城,萧山,47000,3室/4室/建筑面积：123-182㎡
2098,融创滨江杭源御潮府,上城,72321,3室/4室/5室/建筑面积：123-190㎡
2099,富力御江山小区,建德市,9000,2室/3室/4室/别墅/建筑面积：77-137㎡
2100,海潮望月城,上城,69141,5室/7室/建筑面积：272-483㎡
2101,御尚华庭,拱墅,47587,4室/建筑面积：136.72-197.99㎡
2102,兴耀岚漫之城,钱塘,19800,3室/4室/建筑面积：103-128㎡
2103,富春一品,建德市,10000,2室/3室/建筑面积：88.33-135㎡
2104,南樾府,临安,19250,2室/3室/4室/建筑面积：68-73㎡
2105,华润绿城杭樾润府,拱墅,46200,3室/4室/建筑面积：115-173㎡
2106,义蓬购物中心,钱塘,16167,商业/建筑面积：45-46㎡
2107,玲珑郡,临安,17775,3室/建筑面积：109-122㎡
2108,千岛湖碧桂园泷悦,淳安县,13127,3室/4室/建筑面积：109-137㎡
2109,时代滨江翡翠之星,萧山,33899,3室/4室/5室/建筑面积：89-138㎡
2110,云溪别院,桐庐县,10000,3室/4室/建筑面积：128-134㎡
2111,绿城桂冠东方,萧山,47000,2室/3室/4室/5室/建筑面积：98-217㎡
2112,金成祥新云起未来,余杭,31000,3室/4室/建筑面积：98.75-130.31㎡
2113,竹悦山水轩,临安,11000,2室/3室/建筑面积：59-89㎡
2114,兴耀枫漫小筑,钱塘,19800,3室/4室/建筑面积：105-127㎡
2115,星潮映象府,萧山,45000,3室/4室/建筑面积：150-250㎡
2116,招商蛇口花屿观澜里,萧山,37500,3室/4室/建筑面积：102.75-138㎡
2117,溪悦云和园,西湖,31400,3室/4室/建筑面积：98-140㎡
2118,佳源海棠府,杭州周边,16858,3室/建筑面积：95-103㎡
2119,畅享幸福里,萧山,17260,1室/2室/3室/4室/建筑面积：45-127㎡
2120,花曜里,萧山,37500,3室/4室/建筑面积：97-120㎡
2121,畅享幸福里公寓,萧山,18000,商业/建筑面积：44.87-47㎡
2122,君铂府,萧山,16257,3室/4室/建筑面积：99-120㎡
2123,众安蒲荷芸邸,余杭,37710,4室/建筑面积：123.84-144.97㎡
2124,滨江望品,拱墅,35180,4室/5室/建筑面积：124-156㎡
2125,绿城咏桂里,萧山,39500,3室/4室/建筑面积：104-164㎡
2126,临之锦,临平,29000,2室/3室/建筑面积：90-132㎡
2127,首开天青里,拱墅,35734,4室/建筑面积：105㎡
2128,品庐东岸,桐庐县,350,别墅/建筑面积：302㎡
2129,华鸿中南壹号院,桐庐县,16925,3室/4室/别墅/建筑面积：98-170㎡
2130,嘉兴龙湖春江郦城,杭州周边,16316,3室/建筑面积：89㎡
2131,玉泉雅苑,建德市,14660,3室/建筑面积：89㎡
2132,申花印月,拱墅,43000,商业/建筑面积：38-47㎡
2133,绿地宋都杭州世纪中心公寓,萧山,42667,建筑面积：532500㎡
2134,慈岩印象新城,建德市,24083,建筑面积：85560㎡
2135,绿城晓风印月,滨江,58660,建筑面积：214628㎡
2136,绿城交投湖畔雲庐,余杭,52000,建筑面积：144730㎡
2137,润东府,钱塘,18700,建筑面积：5500㎡
2138,西溪曼哈顿,余杭,32800,建筑面积：109998㎡
2139,富景,都会,富阳,21000
2140,路劲中景华庭,临平,29000,建筑面积：12432㎡
2141,杭州栢悦中心,临平,23723,建筑面积：1800-1900㎡
2142,星光荟商铺,西湖,20000,建筑面积：50㎡
2143,华成国际发展大厦,上城,68418,建筑面积：1329-3059㎡
2144,越秀星汇中心,临安,20119,建筑面积：131㎡
2145,奥体朝龙汇,萧山,42667,建筑面积：149197㎡
2146,领航城商铺,萧山,46000,建筑面积：185619㎡
2147,杭房揽翠,西湖,57296,建筑面积：31346㎡
2148,金地滨与城商铺,萧山,24000,建筑面积：115200㎡
2149,琴湖碧园商铺,余杭,36286,建筑面积：73000㎡
2150,欧美中心,西湖,62920,建筑面积：400000㎡
2151,丽晶湾,拱墅,48632,建筑面积：90000㎡
2152,万广汇商务中心商铺,拱墅,50677,建筑面积：376000㎡
2153,滨江时代,滨江,53046,建筑面积：93779㎡
2154,西房拱宸外滩商铺,临平,33327,NaN
2155,天阅云合源商铺,拱墅,50375,建筑面积：140000㎡
2156,绿城富春玫瑰园,富阳,1225,别墅/建筑面积：230-270㎡
2157,阳光城西郊半岛,富阳,30297,3室/别墅/建筑面积：97-156㎡
2158,中粮杭州大悦城揽悦公寓,拱墅,44000,商业/建筑面积：57.82-57.82㎡
2159,绿城运河宸园,拱墅,51787,3室/4室/建筑面积：89-189㎡
2160,东原印未来,余杭,35000,3室/4室/建筑面积：95-140㎡
2161,金地艺境,临平,26856,3室/4室/建筑面积：85-120㎡
2162,嘉和银领时代,临平,27493,别墅/建筑面积：350㎡
2163,中南白马湖壹号,滨江,35737,2室/3室/4室/建筑面积：68-121㎡
2164,德信阳光城云溪洋房,杭州周边,17145,3室/4室/建筑面积：95-138㎡
2165,地铁绿城杨柳郡,上城,50082,1室/2室/3室/4室/建筑面积：42-148㎡
2166,宋都新宸悦府,钱塘,NaN,3室/4室/5室/建筑面积：89-137㎡
2167,滨江东方海岸,萧山,24377,别墅/建筑面积：366-389㎡
2168,金隅学府,上城,72585,3室/4室/建筑面积：88-173㎡
2169,新湖武林国际公寓,拱墅,58424,2室/3室/4室/建筑面积：87-298㎡
2170,金地天逸,萧山,50389,4室/6室/建筑面积：186-230㎡
2171,朗诗美丽洲,余杭,40104,别墅/建筑面积：100-360㎡
2172,欣盛东方福邸,西湖,52354,1室/2室/3室/4室/5室/建筑面积：63-318㎡
2173,滨江金茂府,滨江,45000,4室/建筑面积：140㎡
2174,祥生云浦新语,西湖,29775,3室/4室/建筑面积：90-142㎡
2175,绿城华景川桂语江南,杭州周边,12229,3室/4室/别墅/建筑面积：89-154㎡
2176,和昌云栖玖著,富阳,24000,3室/别墅/建筑面积：89-126㎡
2177,绿都南江壹号,萧山,27222,3室/4室/8室/建筑面积：89-480㎡
2178,西溪君庐,余杭,51544,别墅/建筑面积：393㎡
2179,GDC金地德圣中心,萧山,48504,3室/4室/建筑面积：87-137㎡
2180,锦绣钱塘,临安,20157,别墅/建筑面积：314-488㎡
2181,景瑞御华府,临平,28500,3室/别墅/建筑面积：88-160㎡
2182,华元西溪欢乐城,余杭,32750,商业/建筑面积：38.76-53.46㎡
2183,协安紫郡,西湖,43247,3室/4室/建筑面积：87-180㎡
2184,绿城九龙仓钱塘明月,萧山,33899,3室/4室/建筑面积：88-165㎡
2185,城发云锦城,上城,30900,3室/4室/建筑面积：89-135㎡
2186,天城府,上城,53602,2室/3室/4室/建筑面积：84-139㎡
2187,奥克斯缔逸城,余杭,38441,商业/建筑面积：50-51㎡
2188,世茂钱塘天誉,上城,50000,别墅/建筑面积：160-185㎡
2189,君望观澜二期,富阳,30790,3室/4室/建筑面积：108-139㎡
2190,武林壹号,拱墅,61605,5室/建筑面积：410-560㎡
2191,白鹭郡西别墅,余杭,39334,别墅/建筑面积：370-600㎡
2192,绿城十里风荷,余杭,42180,别墅/建筑面积：137-174㎡
2193,绿城西子田园牧歌,拱墅,35536,2室/3室/4室/建筑面积：90-188㎡
2194,武林外滩,拱墅,61910,6室/建筑面积：348㎡
2195,江东阳光名城,钱塘,18700,3室/建筑面积：89-137㎡
2196,协安玖墅,西湖,43185,别墅/建筑面积：210-395㎡
2197,融创大家侯潮府,上城,69874,3室/4室/建筑面积：116-175㎡
2198,雍景湾,拱墅,49476,3室/4室/建筑面积：89-128㎡
2199,九龙仓君玺,拱墅,54432,3室/4室/5室/建筑面积：86-385㎡
2200,万科溪望,余杭,49287,3室/4室/别墅/建筑面积：90-185㎡
2201,至高钱塘一品,钱塘,18700,2室/3室/4室/建筑面积：88-197㎡
2202,顺发恒园,萧山,50334,2室/别墅/建筑面积：86-264㎡
2203,琴湖碧园,余杭,22200,3室/建筑面积：87-130㎡
2204,德信大家钱江府,上城,56944,3室/4室/建筑面积：89-128㎡
2205,天阳凤起,上城,58162,3室/4室/建筑面积：89-133㎡
2206,融信萧山公馆,萧山,38000,4室/建筑面积：141-181㎡
2207,碧桂园西江月,拱墅,51992,3室/4室/建筑面积：89-139㎡
2208,广宇锦绣桃源,拱墅,37814,2室/3室/建筑面积：74-87㎡
2209,荀庄,余杭,38897,别墅/建筑面积：201-255㎡
2210,中国铁建德信君宸,萧山,33899,3室/4室/建筑面积：80-110㎡
2211,海威钱塘之星,滨江,36800,商业/建筑面积：43-65㎡
2212,保利玫瑰湾,钱塘,34907,2室/3室/建筑面积：87-142㎡
2213,赛丽绿城慧园,西湖,51774,3室/4室/建筑面积：148-190㎡
2214,九龙湾,淳安县,13127,2室/4室/别墅/建筑面积：102-266.6㎡
2215,翡翠城,余杭,54825,3室/别墅/建筑面积：89-330㎡
2216,中天官河锦庭,滨江,53945,2室/3室/4室/别墅/建筑面积：73-297㎡
2217,日信国际,上城,69789,商业/建筑面积：38-64㎡
2218,万科北宸之光拱宸,余杭,49696,2室/3室/4室/建筑面积：68-136㎡
2219,众安理想湾,临平,21400,2室/3室/别墅/建筑面积：80-231㎡
2220,美好桂花溪园,余杭,34166,2室/3室/建筑面积：84.1-133.5㎡
2221,保亿绿城奥邸国际,萧山,35000,4室/商业/建筑面积：186-222㎡
2222,金地格林格林,上城,30900,2室/3室/4室/建筑面积：70-116㎡
2223,赞成檀府,临平,22600,3室/4室/建筑面积：89-135㎡
2224,高润云杉郡,滨江,54227,商业/建筑面积：49-71㎡
2225,方兴黄龙金茂悦,西湖,52569,3室/4室/建筑面积：90-128㎡
2226,华瑞晴庐,萧山,46253,3室/4室/建筑面积：89-179㎡
2227,广宇万科公园里,拱墅,36885,3室/4室/建筑面积：89-130㎡
2228,富力十号,余杭,49221,3室/4室/建筑面积：89-191㎡
2229,华元欢乐城,临平,25879,2室/3室/4室/商业/建筑面积：29-136㎡
2230,宝嘉誉峰,拱墅,50430,2室/3室/4室/建筑面积：74-137㎡
2231,众安朝阳8号,萧山,36336,3室/4室/商业/建筑面积：57.72-126㎡
2232,春天华府,临安,21917,3室/4室/建筑面积：120-204㎡
2233,星悦湾,钱塘,18742,2室/3室/建筑面积：86-113㎡
2234,融创微风之城,富阳,31762,3室/4室/别墅/建筑面积：92-177㎡
2235,绿城曼陀花园,临安,18355,别墅/建筑面积：205-282㎡
2236,融创时代奥城,萧山,NaN,3室/4室/建筑面积：107-145㎡
2237,德意空港国际,萧山,22255,2室/3室/4室/建筑面积：89.12-170.71㎡
2238,新城香悦公馆,萧山,41100,3室/4室/别墅/建筑面积：89-180㎡
2239,和达御观邸,钱塘,32500,建筑面积：154054㎡
2240,新城香悦半岛,萧山,38586,3室/4室/建筑面积：88-138㎡
2241,合景天銮,拱墅,53025,3室/4室/别墅/建筑面积：121-169㎡
2242,竹径云山,余杭,38196,3室/别墅/建筑面积：120-180㎡
2243,恒祺克拉天玺,上城,36333,商业/建筑面积：34.4-72.44㎡
2244,融创玖樟台,上城,NaN,3室/4室/建筑面积：115-166㎡
2245,天润商业中心,萧山,44609,商业/建筑面积：35-88㎡
2246,旭辉滨江东方悦府,萧山,47622,3室/4室/建筑面积：89-125㎡
2247,理想银泰城,临平,26034,商业/建筑面积：48-79㎡
2248,融信公馆ARC,拱墅,50000,3室/4室/5室/建筑面积：116-262㎡
2249,龙湖香醍溪岸,临平,24703,2室/3室/5室/别墅/建筑面积：86-345㎡
2250,中国铁建国际花园,上城,45647,3室/建筑面积：89-115㎡
2251,杭钢?尚堂府,拱墅,49575,建筑面积：157545㎡
2252,龙湖天钜,萧山,35000,3室/4室/建筑面积：89-155㎡
2253,浙港国际,西湖,25000,商业/建筑面积：55-74㎡
2254,佳源名城,临平,23600,3室/4室/建筑面积：86-140㎡
2255,万科中央公园,上城,54369,3室/4室/建筑面积：89-139㎡
2256,龙湖天璞,萧山,35000,3室/4室/建筑面积：106-163㎡
2257,保利罗兰香谷,上城,30900,3室/4室/建筑面积：85-137㎡
2258,广宇鼎悦府,临平,25754,4室/建筑面积：130-170㎡
2259,远洋香奈,上城,30900,3室/建筑面积：90-90㎡
2260,蓝钻天成住宅,拱墅,44000,商业/建筑面积：43-60㎡
2261,万泰城章,临平,21400,3室/4室/5室/建筑面积：83-156㎡
2262,国颂府,萧山,35000,3室/4室/建筑面积：96-137㎡
2263,锦尚唐宁郡,临安,17929,2室/3室/建筑面积：94-139㎡
2264,北辰奥园,萧山,27222,2室/3室/4室/5室/建筑面积：80-165㎡
2265,阳光城普升,上城,46418,3室/4室/建筑面积：75-118㎡
2266,新天地中心·天纵,下城,46721,商业/建筑面积：48.29-79.51㎡
2267,顺发康庄,萧山,33899,3室/5室/别墅/建筑面积：75-333㎡
2268,华元天鹅堡,余杭,32800,商业/建筑面积：58-128㎡
2269,新天地金色时光,上城,35000,2室/3室/4室/建筑面积：68-130㎡
2270,旭辉和昌都会山,萧山,42667,商业/建筑面积：30-55㎡
2271,融创金成未来海,余杭,45071,4室/建筑面积：128-138㎡
2272,泰地北上,下城,39436,商业/建筑面积：34-90㎡
2273,理想康城国际,临平,26717,3室/4室/5室/建筑面积：129-187㎡
2274,海上明月澜庭,萧山,50384,3室/4室/建筑面积：82-130㎡
2275,滨江德信东方星城,上城,52940,3室/4室/建筑面积：121-139㎡
2276,绿城运河郡,拱墅,50055,商业/建筑面积：47-57㎡
2277,绿城雲杉郡,临安,22804,1室/2室/3室/建筑面积：55-126㎡
2278,富力天贸广场,余杭,48249,商业/建筑面积：40-101㎡
2279,欣北钱江国际广场,临平,23792,1室/商业/建筑面积：36.67-77.02㎡
2280,杭钢万科旭润和府,临平,23600,3室/4室/建筑面积：89-125㎡
2281,万科星空,余杭,48249,3室/4室/建筑面积：89-138㎡
2282,香山四季公馆,萧山,34650,商业/建筑面积：70-80㎡
2283,绿城雄凯国际公寓,萧山,37000,商业/建筑面积：40-58㎡
2284,华策中心,西湖,30933,商业/建筑面积：51-81㎡
2285,泰美国际大厦,钱塘,23000,商业/建筑面积：35-47㎡
2286,中海钱江湾,上城,56879,3室/建筑面积：138㎡
2287,碧桂园东旭府,萧山,25356,3室/建筑面积：89-89㎡
2288,龙湖西溪天街,西湖,40000,商业/建筑面积：38-68㎡
2289,融创溪涧堂,余杭,52479,3室/别墅/建筑面积：89-171㎡
2290,高运莱茵传奇,萧山,51162,3室/建筑面积：84-89㎡
2291,绿城青山湖红枫园,杭州周边,20239,别墅/建筑面积：440-496㎡
2292,G合里,萧山,45683,商业/建筑面积：55-400㎡
2293,富邦星座,临平,26612,商业/建筑面积：60-70㎡
2294,顺发堤香,萧山,49459,2室/3室/4室/建筑面积：89-172㎡
2295,中南漫悦湾,建德市,18574,3室/4室/别墅/建筑面积：90-150㎡
2296,红景凯丽晶座,萧山,42667,2室/商业/建筑面积：56-90㎡
2297,钱江御府,上城,71200,3室/4室/建筑面积：89-170㎡
2298,同方春江燕语,桐庐县,19076,商业/别墅/建筑面积：48-295㎡
2299,桐庐碧桂园,桐庐县,17720,别墅/建筑面积：241-256㎡
2300,康美家园,淳安县,13127,1室/2室/商业/建筑面积：46-92㎡
2301,新弘斯维登森林度假村,余杭,24360,2室/别墅/建筑面积：89-502㎡
2302,贝利云栖中心,西湖,28000,商业/建筑面积：44-60㎡
2303,华夏四季,余杭,45606,3室/4室/建筑面积：89-169㎡
2304,瑞城温莎郡,余杭,43242,2室/4室/建筑面积：86-138㎡
2305,融创金成溪山院墅,余杭,44835,别墅/建筑面积：375-384㎡
2306,尚美名府,萧山,41080,3室/5室/建筑面积：150-290㎡
2307,中栋国际,萧山,51392,商业/建筑面积：50-78㎡
2308,首开望宸樾庐,拱墅,33854,3室/4室/建筑面积：87-137㎡
2309,众安白马御府,萧山,43751,3室/4室/5室/6室/建筑面积：90-149㎡
2310,运河玲珑香榭南苑,临平,21400,2室/3室/建筑面积：88-143㎡
2311,龙湖武林九里,上城,30900,3室/4室/建筑面积：84-135㎡
2312,逸居城,余杭,32691,2室/3室/建筑面积：87-142㎡
2313,公园1872,上城,50767,3室/4室/建筑面积：114-162㎡
2314,万星江南美寓,桐庐县,19667,商业/建筑面积：34-58㎡
2315,经建绅世郡,临平,21400,1室/2室/3室/4室/建筑面积：60.33-161.11㎡
2316,丰隆·百翘香江,钱塘,25770,2室/3室/建筑面积：89-138㎡
2317,绿城华景川百合花园,杭州周边,17193,3室/4室/建筑面积：89-119㎡
2318,众安朝阳银座,萧山,34388,商业/建筑面积：36.98-86.85㎡
2319,美莱国际中心,临平,26080,商业/建筑面积：45-48㎡
2320,中铁九逸,临平,21400,3室/建筑面积：88-129㎡
2321,阳光城檀悦,萧山,34000,3室/建筑面积：126㎡
2322,平瑞瑞和园,余杭,25713,2室/3室/4室/建筑面积：81.06-150.58㎡
2323,西溪壹树,余杭,32800,商业/建筑面积：28-55㎡
2324,宏丰公寓,余杭,32800,商业/建筑面积：40-70㎡
2325,富力新线公园,余杭,47786,3室/4室/建筑面积：89-130㎡
2326,远洋万和四季,上城,53658,3室/4室/建筑面积：98-134㎡
2327,融信澜天,余杭,38049,3室/4室/别墅/建筑面积：89-150㎡
2328,三花国际,上城,36333,商业/建筑面积：46-52㎡
2329,秋水览山,杭州周边,9351,1室/2室/建筑面积：42.93-118㎡
2330,汉港武林汇,拱墅,29000,商业/建筑面积：45-75㎡
2331,西溪乐天城,余杭,32800,商业/建筑面积：48㎡
2332,府尚别墅,萧山,34710,别墅/建筑面积：300㎡
2333,万科大家九都会,富阳,23975,3室/建筑面积：115㎡
2334,方邦望湖国际,淳安县,13127,3室/建筑面积：101㎡
2335,和昌钱塘外滩,杭州周边,17083,3室/建筑面积：124㎡
2336,中天九溪诚品,西湖,29775,3室/4室/建筑面积：90-123㎡
2337,雷威沁园,临安,17690,3室/4室/建筑面积：89-126㎡
2338,金汇首府,富阳,23975,3室/建筑面积：87-107㎡
2339,云溪V墅,西湖,32500,商业/建筑面积：43-49㎡
2340,万科锦云坊,余杭,39630,3室/建筑面积：87-120㎡
2341,中交财富中心,拱墅,44000,商业/建筑面积：41-93㎡
2342,九浪山花园,萧山,26900,1室/2室/3室/4室/建筑面积：89-158㎡
2343,千岛湖七星花园,淳安县,13127,3室/5室/建筑面积：133-212㎡
2344,旭辉宽墅,临平,23600,3室/别墅/建筑面积：100-200㎡
2345,西溪十九府,西湖,51000,商业/建筑面积：220-355㎡
2346,凯全紫郡花苑,桐庐县,16925,3室/4室/建筑面积：76-109㎡
2347,绿地华家池印,上城,58000,别墅/建筑面积：349-423㎡
2348,梅和名府,萧山,41587,3室/4室/建筑面积：147-185㎡
2349,金丽园,临平,21400,3室/4室/建筑面积：88-163㎡
2350,滨江江南之星,萧山,33899,3室/4室/5室/建筑面积：89-138㎡
2351,顺发吉祥半岛,拱墅,52874,建筑面积：174389㎡
2352,山水悦府,富阳,21000,3室/4室/建筑面积：70.07-109.59㎡
2353,万象城悦玺,上城,81070,商业/建筑面积：50-313㎡
2354,西溪壹树悦玺,余杭,58840,别墅/建筑面积：430㎡
2355,龙湖滟澜星座,钱塘,28105,商业/建筑面积：53-75㎡
2356,万通中心,拱墅,53417,建筑面积：141235㎡
2357,大家小墅,杭州周边,21642,3室/建筑面积：105-105㎡
2358,钱江彩虹府,西湖,27000,3室/4室/建筑面积：84-99㎡
2359,绿城九龙仓桂语江南,萧山,33899,4室/建筑面积：140-140㎡
2360,桐庐唐郡别墅度假村,桐庐县,18177,别墅/建筑面积：340-340㎡
2361,浦园,萧山,28193,3室/4室/建筑面积：87-129㎡
2362,融创富春壹号院,富阳,22972,4室/建筑面积：75-140㎡
2363,潮都华庭,萧山,21007,2室/3室/4室/建筑面积：86.9-156.9㎡
2364,三江澳海澜庭,富阳,21307,2室/3室/别墅/建筑面积：76-158㎡
2365,绿城英溪桃源,杭州周边,17145,3室/4室/建筑面积：130-306㎡
2366,富力十号洋房,余杭,51786,4室/建筑面积：99-129㎡
2367,富春泉水湾住宅,富阳,32562,3室/4室/建筑面积：80-118㎡
2368,龙湖郦城公馆,滨江,59164,建筑面积：23000㎡
2369,莪山大院,桐庐县,16925,别墅/建筑面积：30㎡
2370,绿尚春江城堡,桐庐县,16925,别墅/建筑面积：500㎡
2371,城中府,临安,21917,3室/建筑面积：121㎡
2372,兴耀星澜之城,滨江,61314,建筑面积：37-76㎡
2373,香格名苑,萧山,27236,2室/3室/建筑面积：79.68-131.8㎡
2374,景瑞天赋,萧山,33899,3室/4室/建筑面积：115-139㎡
2375,碧桂园滨湖城,杭州周边,13387,2室/3室/建筑面积：80-131㎡
2376,世茂·智慧之门,滨江,36800,商业/建筑面积：48㎡
2377,起梦公园,余杭,24000,商业/建筑面积：38㎡
2378,浙商国际中心,上城,36333,建筑面积：51.79㎡
2379,庆丰拥涛府,萧山,49054,3室/4室/建筑面积：96-139㎡
2380,风骊天城TIME,上城,36333,建筑面积：45-60㎡
2381,瑞浩珺公馆,拱墅,51953,商业/建筑面积：46.43-79.12㎡
2382,马也美上,西湖,32500,商业/建筑面积：50-60㎡
2383,滨江城市之星,上城,70160,3室/4室/6室/建筑面积：181-340㎡
2384,绿城蓝色钱江,上城,66743,1室/2室/3室/4室/5室/建筑面积：52-713㎡
2385,万科七贤郡,余杭,39299,2室/3室/建筑面积：75-140㎡
2386,金地自在城,西湖,40577,1室/2室/3室/4室/建筑面积：44-196.05㎡
2387,恒合金座,余杭,42269,1室/2室/3室/建筑面积：30.43-118㎡
2388,绿城西溪诚园,余杭,32800,2室/3室/4室/5室/商业/建筑面积：135-269㎡
2389,积家,滨江,38000,1室/3室/4室/建筑面积：40-126㎡
2390,万科西庐,余杭,51429,3室/4室/建筑面积：90-175㎡
2391,绿城西溪融庄,余杭,49954,3室/4室/别墅/建筑面积：137-295㎡
2392,新城西溪逸境,余杭,51786,3室/4室/建筑面积：72-127㎡
2393,东冠逸景花苑,临平,29858,2室/3室/建筑面积：82.33-133㎡
2394,聚友山,余杭,52212,别墅/建筑面积：228-235㎡
2395,鑫福万泰华庭,钱塘,18700,2室/3室/4室/建筑面积：81-138㎡
2396,万亚生活中心,钱塘,28895,商业/建筑面积：61-141㎡
2397,佳兆业君汇上品,临平,24469,2室/3室/建筑面积：80-89㎡
2398,世茂之西湖,滨江,49826,3室/4室/建筑面积：87-196㎡
2399,世茂西西湖,余杭,40077,2室/3室/建筑面积：88-131㎡
2400,华瑞湘湖美地,萧山,48645,2室/3室/4室/建筑面积：81-167㎡
2401,中赢·康康谷,滨江,59851,商业/建筑面积：45-52㎡
2402,星星港湾十二岛,钱塘,24360,3室/4室/建筑面积：110-126㎡
2403,天鸿君邑,滨江,38000,1室/4室/建筑面积：43.6-166㎡
2404,万科良渚文化村春漫里,余杭,25713,1室/建筑面积：56-85㎡
2405,东润枫华,上城,56190,1室/3室/4室/5室/建筑面积：88-186㎡
2406,雅戈尔西溪晴雪,西湖,59595,2室/3室/4室/5室/建筑面积：90-400㎡
2407,德信泊林印象,上城,34203,2室/3室/4室/建筑面积：82-180㎡
2408,大华海派风范,余杭,42581,2室/4室/建筑面积：89-139㎡
2409,建工丽晶湾,拱墅,48632,3室/4室/建筑面积：86-130㎡
2410,贝利栖溪望府,临平,20813,2室/3室/4室/建筑面积：85-180㎡
2411,中奥江锦国际,滨江,62042,1室/2室/建筑面积：54-64㎡
2412,德信东望,上城,55998,2室/3室/4室/建筑面积：73-130㎡
2413,新湖果岭,余杭,43962,3室/建筑面积：88-126㎡
2414,恒滕澜山公馆,余杭,42648,3室/建筑面积：89-138㎡
2415,星星港湾,钱塘,22740,2室/3室/4室/建筑面积：110-176㎡
2416,方正御星,拱墅,49908,3室/建筑面积：90-130㎡
2417,天阳尚景国际,拱墅,53513,3室/建筑面积：89-93㎡
2418,雍熙山,临平,25613,3室/4室/建筑面积：89-127㎡
2419,桂花星城,临平,28500,1室/2室/3室/4室/建筑面积：75-160㎡
2420,金都城市芯宇,西湖,56446,2室/建筑面积：67-89㎡
2421,金地申花里,拱墅,48806,3室/建筑面积：88-125㎡
2422,红杉雅园,西湖,47063,2室/建筑面积：38.85-57㎡
2423,裕丰青鸟香石公寓,下城,53477,3室/4室/建筑面积：129-139.98㎡
2424,方正360空间,拱墅,52230,1室/建筑面积：54-69㎡
2425,上亿SOHO,余杭,38399,商业/建筑面积：40-85㎡
2426,华鸿罗兰春天,上城,34203,2室/3室/4室/建筑面积：86-100㎡
2427,天阳明朗,上城,30900,2室/3室/建筑面积：82-90㎡
2428,篁外,西湖,29775,3室/4室/别墅/建筑面积：90-336㎡
2429,德信早城,钱塘,32500,1室/2室/3室/4室/建筑面积：60-137㎡
2430,荣安望江南,滨江,60778,2室/3室/建筑面积：82-139㎡
2431,贺田尚城璟湾,滨江,44885,3室/4室/建筑面积：137-186㎡
2432,中天之江诚品,西湖,29775,3室/4室/6室/建筑面积：71-196㎡
2433,龙湖春江彼岸,滨江,59485,3室/4室/5室/建筑面积：90-198㎡
2434,万和玺园,拱墅,52359,1室/2室/3室/建筑面积：70-138㎡
2435,万和国际,萧山,33899,2室/3室/建筑面积：75-137㎡
2436,美好桂花星座,临平,25050,1室/2室/3室/建筑面积：54-106㎡
2437,星汇荣邸,滨江,38000,3室/4室/建筑面积：90-139㎡
2438,华枫名苑,临平,28500,2室/3室/4室/5室/建筑面积：52-211㎡
2439,天阳观筑,上城,30900,2室/3室/4室/建筑面积：75-180㎡
2440,创美华彩国际,西湖,41136,1室/建筑面积：45-61㎡
2441,君尚金座,滨江,61736,2室/3室/建筑面积：60-105㎡
2442,顺发和美家,萧山,33899,2室/3室/建筑面积：90-106㎡
2443,新城金镶玉,拱墅,49727,建筑面积：36077㎡
2444,赛丽绿城丽园,上城,79066,3室/4室/5室/建筑面积：143-355㎡
2445,文溪鼎园,西湖,54656,1室/3室/4室/建筑面积：67-175㎡
2446,蓝江四季晶品,临平,22600,2室/3室/4室/建筑面积：88-137㎡
2447,恒逸金榈湾,萧山,27222,1室/2室/3室/4室/5室/建筑面积：90-295㎡
2448,巨都桂花城,钱塘,25770,1室/2室/3室/4室/建筑面积：64.33-138㎡
2449,圣奥领寓,上城,34203,2室/3室/4室/建筑面积：89-135㎡
2450,绿城紫桂公寓,临平,25050,4室/建筑面积：168.73-175㎡
2451,鑫运时代金座,上城,31500,商业/建筑面积：44-50.6㎡
2452,凯瑞金座,滨江,38000,1室/3室/建筑面积：44-105㎡
2453,东和时代,滨江,58815,1室/建筑面积：46-85㎡
2454,光耀蹓跶公寓,萧山,24899,3室/4室/建筑面积：82-129㎡
2455,财和湘域湾,萧山,42882,3室/建筑面积：81-108㎡
2456,豪波西溪润景,余杭,32800,商业/建筑面积：52-72㎡
2457,华元蒙卡岸,余杭,48249,2室/3室/建筑面积：90-133㎡
2458,元都新苑,下城,45184,1室/2室/3室/建筑面积：88-135.37㎡
2459,林溪闲庭,余杭,43709,2室/3室/建筑面积：88-131㎡
2460,钱江BLOCK,西湖,29775,1室/建筑面积：39.85-164.67㎡
2461,阳光城元垄·璞悦,杭州周边,21900,3室/4室/建筑面积：100-143㎡
2462,杭州湾世纪城,杭州周边,13000,3室/4室/5室/建筑面积：95-239㎡
2463,中南新城樾府,杭州周边,14083,3室/4室/建筑面积：106-140㎡
2464,银润蓝城天使小镇·陌上花开,杭州周边,24360,2室/3室/4室/别墅/建筑面积：80-200㎡
2465,佳源·四季湘洲,杭州周边,15948,3室/4室/建筑面积：89-133㎡
2466,远洋越府宸章,杭州周边,18883,3室/4室/建筑面积：95-138㎡
2467,阳光城望湖苑,杭州周边,21900,2室/3室/4室/建筑面积：75-135㎡
2468,珑原小区,杭州周边,24360,别墅/建筑面积：132-188㎡
2469,滨江枫映华庭,余杭,36100,建筑面积：58890㎡
2470,地铁小和山项目,西湖,31440,建筑面积：107607㎡
2471,滨江建杭良渚新城地块,余杭,34320,建筑面积：151774㎡
2472,杰立潮正府,上城,35000,建筑面积：53279㎡
2473,聆空云境,萧山,20500,3室/建筑面积：98-110㎡
2474,欣明西江望府,杭州周边,16511,3室/4室/建筑面积：89-134㎡
2475,公元2020,杭州周边,21800,2室/3室/4室/5室/建筑面积：89-157㎡
2476,世纪江湾,杭州周边,370,3室/4室/别墅/建筑面积：101-189㎡
2477,竹福佳苑,杭州周边,9000,1室/2室/3室/4室/建筑面积：36-205㎡
2478,诸暨新力帝泊湾,杭州周边,18543,3室/4室/建筑面积：89-142㎡
2479,汇禾·领府,西湖,44482,建筑面积：138000㎡
2480,京杭上宸,杭州周边,24360,3室/4室/5室/建筑面积：89-180㎡
2481,诸暨海伦堡双樾府,杭州周边,14635,3室/4室/建筑面积：95.61-140.66㎡
2482,大悦城中粮天悦商铺,拱墅,54089,建筑面积：31800㎡
